id,source_file,source_line,tag,source_control,desktop,mobile,keyboard,validation,wallet_disconnected,wallet_connected,account_network_change,evidence,issue,overall
R001,apps/web/app/error.tsx,22,button,"<button type=""button"" onClick={reset}>",not recorded,not recorded,not recorded,not recorded,not recorded,not recorded,not recorded,,,pending verification
R002,apps/web/app/error.tsx,25,Link,"<Link href=""/wiki"" className=""ctaLink secondaryLink"">",not recorded,not recorded,not recorded,not recorded,not recorded,not recorded,not recorded,,,pending verification
R003,apps/web/app/layout.tsx,26,a,"<a className=""skipLink"" href=""#page-content"">",not recorded,not recorded,not recorded,not recorded,not recorded,not recorded,not recorded,,,pending verification
R004,apps/web/app/layout.tsx,32,Link,"<Link href=""/wiki"">",not recorded,not recorded,not recorded,not recorded,not recorded,not recorded,not recorded,,,pending verification
R005,apps/web/app/layout.tsx,32,Link,"<Link href=""/wiki/storage"">",not recorded,not recorded,not recorded,not recorded,not recorded,not recorded,not recorded,,,pending verification
R006,apps/web/app/mint/error.tsx,25,button,"<button type=""button"" onClick={reset}>",not recorded,not recorded,not recorded,not recorded,not recorded,not recorded,not recorded,,,pending verification
R007,apps/web/app/mint/error.tsx,28,Link,"<Link href=""/wiki/storage"" className=""ctaLink secondaryLink"">",not recorded,not recorded,not recorded,not recorded,not recorded,not recorded,not recorded,,,pending verification
R008,apps/web/app/mint/error.tsx,31,Link,"<Link href=""/wiki"" className=""ctaLink secondaryLink"">",not recorded,not recorded,not recorded,not recorded,not recorded,not recorded,not recorded,,,pending verification
R009,apps/web/app/page.tsx,14,Link,"<Link className=""ctaLink"" href=""/mint"">",not recorded,not recorded,not recorded,not recorded,not recorded,not recorded,not recorded,,,pending verification
R010,apps/web/app/page.tsx,14,Link,"<Link className=""ctaLink secondary"" href=""/discover"">",not recorded,not recorded,not recorded,not recorded,not recorded,not recorded,not recorded,,,pending verification
R011,apps/web/app/page.tsx,31,Link,"<Link href=""/profile/setup"">",not recorded,not recorded,not recorded,not recorded,not recorded,not recorded,not recorded,,,pending verification
R012,apps/web/app/page.tsx,31,Link,"<Link href=""/profile/import"">",not recorded,not recorded,not recorded,not recorded,not recorded,not recorded,not recorded,,,pending verification
R013,apps/web/app/page.tsx,34,Link,"<Link href=""/marketplace"">",not recorded,not recorded,not recorded,not recorded,not recorded,not recorded,not recorded,,,pending verification
R014,apps/web/app/page.tsx,35,Link,"<Link href=""/wiki/creator-walkthrough"">",not recorded,not recorded,not recorded,not recorded,not recorded,not recorded,not recorded,,,pending verification
R015,apps/web/app/profile/[name]/error.tsx,34,button,"<button type=""button"" onClick={reset}>",not recorded,not recorded,not recorded,not recorded,not recorded,not recorded,not recorded,,,pending verification
R016,apps/web/app/profile/[name]/error.tsx,37,Link,"<Link href=""/discover"" className=""ctaLink secondaryLink"">",not recorded,not recorded,not recorded,not recorded,not recorded,not recorded,not recorded,,,pending verification
R017,apps/web/app/profile/[name]/error.tsx,40,Link,"<Link href=""/wiki"" className=""ctaLink secondaryLink"">",not recorded,not recorded,not recorded,not recorded,not recorded,not recorded,not recorded,,,pending verification
R018,apps/web/app/profile/listings/page.tsx,5,Link,"<Link href=""/profile"">",not recorded,not recorded,not recorded,not recorded,not recorded,not recorded,not recorded,,,pending verification
R019,apps/web/app/profile/page.tsx,8,Link,"<Link href=""/mint"" className=""ctaLink"">",not recorded,not recorded,not recorded,not recorded,not recorded,not recorded,not recorded,,,pending verification
R020,apps/web/app/profile/page.tsx,8,Link,"<Link href=""/profile/setup"" className=""ctaLink secondary"">",not recorded,not recorded,not recorded,not recorded,not recorded,not recorded,not recorded,,,pending verification
R021,apps/web/app/wiki/[slug]/page.tsx,30,Link,"<Link href=""/wiki"" className=""wikiBackLink"">",not recorded,not recorded,not recorded,not recorded,not recorded,not recorded,not recorded,,,pending verification
R022,apps/web/components/AsyncButton.tsx,25,button,<button type={type} onClick={onClick} disabled={disabled || loading} className={className}>,not recorded,not recorded,not recorded,not recorded,not recorded,not recorded,not recorded,,,pending verification
R023,apps/web/components/HeaderWalletButton.tsx,14,button,<button className={`headerWalletButton ${address ? 'walletConnected' : ''}`} disabled={isPending} onClick={()=>{setError('');dialog.current?.showModal();}} aria-label={address ? 'Open wallet account' : 'Connect wallet'}>,not recorded,not recorded,not recorded,not recorded,not recorded,not recorded,not recorded,,,pending verification
R024,apps/web/components/HeaderWalletButton.tsx,14,button,"<button className=""secondary"" aria-label=""Close wallet dialog"" onClick={()=>dialog.current?.close()}>",not recorded,not recorded,not recorded,not recorded,not recorded,not recorded,not recorded,,,pending verification
R025,apps/web/components/HeaderWalletButton.tsx,14,button,"<button key={connector.uid} disabled={isPending} onClick={async()=>{setError('');try {await prepareWalletConnection(connector,()=>dialog.current?.close());await connectAsync({connector});dialog.current?.close();}catch(error){setError(walletConnectionError(error));if(!dialog.current?.open)dialog.current?.showModal();}}}>",not recorded,not recorded,not recorded,not recorded,not recorded,not recorded,not recorded,,,pending verification
R026,apps/web/components/HeaderWalletButton.tsx,14,button,<button onClick={async()=>{try{await switchChainAsync({chainId:target});}catch{setError('Network switch was not completed.');}}}>,not recorded,not recorded,not recorded,not recorded,not recorded,not recorded,not recorded,,,pending verification
R027,apps/web/components/HeaderWalletButton.tsx,14,button,"<button disabled={busy || !wallet} onClick={async()=>{if(!wallet)return;setBusy(true);try{await ensureWalletSession(address,args=>wallet.signMessage(args));setError('Signed in. You can now save changes.');}catch{setError('Sign-in was not completed.');}finally{setBusy(false);}}}>",not recorded,not recorded,not recorded,not recorded,not recorded,not recorded,not recorded,,,pending verification
R028,apps/web/components/HeaderWalletButton.tsx,14,button,"<button className=""secondary"" onClick={()=>{void fetch('/api/auth',{method:'DELETE'});disconnect();dialog.current?.close();}}>",not recorded,not recorded,not recorded,not recorded,not recorded,not recorded,not recorded,,,pending verification
R029,apps/web/components/ListingSummaryRow.tsx,67,a,"<a href={toExplorerAddress(item.nft, effectiveChainId)!} target=""_blank"" rel=""noreferrer"" className=""mono"">",not recorded,not recorded,not recorded,not recorded,not recorded,not recorded,not recorded,,,pending verification
R030,apps/web/components/ListingSummaryRow.tsx,75,a,"<a href={toExplorerAddress(item.seller, effectiveChainId)!} target=""_blank"" rel=""noreferrer"" className=""mono"">",not recorded,not recorded,not recorded,not recorded,not recorded,not recorded,not recorded,,,pending verification
R031,apps/web/components/SiteNavigation.tsx,11,Link,"<Link className=""brandLink"" href=""/"" aria-label=""NFTFactory home"">",not recorded,not recorded,not recorded,not recorded,not recorded,not recorded,not recorded,,,pending verification
R032,apps/web/components/SiteNavigation.tsx,11,Link,<Link key={url} href={url} aria-current={pathname.startsWith(url) ? 'page' : undefined}>,not recorded,not recorded,not recorded,not recorded,not recorded,not recorded,not recorded,,,pending verification
R033,apps/web/components/SiteNavigation.tsx,11,summary,<summary>,not recorded,not recorded,not recorded,not recorded,not recorded,not recorded,not recorded,,,pending verification
R034,apps/web/components/SiteNavigation.tsx,11,Link,<Link key={url} href={url}>,not recorded,not recorded,not recorded,not recorded,not recorded,not recorded,not recorded,,,pending verification
R035,apps/web/components/SiteNavigation.tsx,11,Link,"<Link href=""/wiki"">",not recorded,not recorded,not recorded,not recorded,not recorded,not recorded,not recorded,,,pending verification
R036,apps/web/components/artwork/ArtworkCard.tsx,11,Link,"<Link className=""artworkCardImage"" href={nftPath(item.collection.chainId,item.collection.contractAddress,item.tokenId)} aria-label={`View ${title}`}>",not recorded,not recorded,not recorded,not recorded,not recorded,not recorded,not recorded,,,pending verification
R037,apps/web/components/artwork/ArtworkCard.tsx,11,Link,"<Link href={nftPath(item.collection.chainId,item.collection.contractAddress,item.tokenId)}>",not recorded,not recorded,not recorded,not recorded,not recorded,not recorded,not recorded,,,pending verification
R038,apps/web/components/artwork/ArtworkCard.tsx,11,Link,"<Link className=""hint"" href={collectionPath(item.collection.chainId,item.collection.contractAddress)}>",not recorded,not recorded,not recorded,not recorded,not recorded,not recorded,not recorded,,,pending verification
R039,apps/web/components/artwork/ArtworkTags.tsx,11,input,<input value={query} onChange={e=>setQuery(e.target.value)}/>,not recorded,not recorded,not recorded,not recorded,not recorded,not recorded,not recorded,,,pending verification
R040,apps/web/components/artwork/ArtworkTags.tsx,11,summary,<summary>,not recorded,not recorded,not recorded,not recorded,not recorded,not recorded,not recorded,,,pending verification
R041,apps/web/components/artwork/ArtworkTags.tsx,11,input,<input value={publicTags} maxLength={660} onChange={e=>setPublic(e.target.value)}/>,not recorded,not recorded,not recorded,not recorded,not recorded,not recorded,not recorded,,,pending verification
R042,apps/web/components/artwork/ArtworkTags.tsx,11,input,<input value={privateTags} maxLength={660} onChange={e=>setPrivate(e.target.value)}/>,not recorded,not recorded,not recorded,not recorded,not recorded,not recorded,not recorded,,,pending verification
R043,apps/web/components/artwork/ArtworkTags.tsx,11,button,<button disabled={busy||!wallet} onClick={()=>void save()}>,not recorded,not recorded,not recorded,not recorded,not recorded,not recorded,not recorded,,,pending verification
R044,apps/web/components/artwork/AssetDetailClient.tsx,20,Link,"<Link href=""/discover"">",not recorded,not recorded,not recorded,not recorded,not recorded,not recorded,not recorded,,,pending verification
R045,apps/web/components/artwork/AssetDetailClient.tsx,20,Link,"<Link href={collectionPath(chainId,address)}>",not recorded,not recorded,not recorded,not recorded,not recorded,not recorded,not recorded,,,pending verification
R046,apps/web/components/artwork/AssetDetailClient.tsx,20,summary,<summary>,not recorded,not recorded,not recorded,not recorded,not recorded,not recorded,not recorded,,,pending verification
R047,apps/web/components/artwork/AssetDetailClient.tsx,20,Link,<Link href={`/mint?view=manage&address=${address}&chainId=${chainId}`}>,not recorded,not recorded,not recorded,not recorded,not recorded,not recorded,not recorded,,,pending verification
R048,apps/web/components/artwork/AssetDetailClient.tsx,20,button,<button onClick={()=>setAttempt(v=>v+1)}>,not recorded,not recorded,not recorded,not recorded,not recorded,not recorded,not recorded,,,pending verification
R049,apps/web/components/artwork/AssetDetailClient.tsx,20,Link,"<Link className=""receiptHash"" href={`/profile/${item.creatorAddress}`}>",not recorded,not recorded,not recorded,not recorded,not recorded,not recorded,not recorded,,,pending verification
R050,apps/web/components/artwork/AssetDetailClient.tsx,20,Link,"<Link className=""receiptHash"" href={`/profile/${item.ownerAddress}`}>",not recorded,not recorded,not recorded,not recorded,not recorded,not recorded,not recorded,,,pending verification
R051,apps/web/components/artwork/AssetDetailClient.tsx,20,Link,"<Link className=""ctaLink"" href=""/marketplace"">",not recorded,not recorded,not recorded,not recorded,not recorded,not recorded,not recorded,,,pending verification
R052,apps/web/components/artwork/AssetDetailClient.tsx,20,button,<button disabled={loading} onClick={()=>setCursor(nextCursor)}>,not recorded,not recorded,not recorded,not recorded,not recorded,not recorded,not recorded,,,pending verification
R053,apps/web/components/artwork/ImportArtworkClient.tsx,18,Link,"<Link href=""/profile"">",not recorded,not recorded,not recorded,not recorded,not recorded,not recorded,not recorded,,,pending verification
R054,apps/web/components/artwork/ImportArtworkClient.tsx,18,select,<select disabled={busy} value={chainId} onChange={e=>{setChainId(Number(e.target.value));setResults([]);}}>,not recorded,not recorded,not recorded,not recorded,not recorded,not recorded,not recorded,,,pending verification
R055,apps/web/components/artwork/ImportArtworkClient.tsx,18,input,"<input disabled={busy} value={contract} onChange={e=>{setContract(e.target.value.trim());setResults([]);}} placeholder=""0x…"" maxLength={42}/>",not recorded,not recorded,not recorded,not recorded,not recorded,not recorded,not recorded,,,pending verification
R056,apps/web/components/artwork/ImportArtworkClient.tsx,18,textarea,"<textarea disabled={busy} value={ids} onChange={e=>{setIds(e.target.value);setResults([]);}} placeholder=""1, 2, 3"" maxLength={800}/>",not recorded,not recorded,not recorded,not recorded,not recorded,not recorded,not recorded,,,pending verification
R057,apps/web/components/artwork/ImportArtworkClient.tsx,18,button,<button disabled={!address||!wallet||busy} onClick={()=>void importTokens(true)}>,not recorded,not recorded,not recorded,not recorded,not recorded,not recorded,not recorded,,,pending verification
R058,apps/web/components/artwork/ImportArtworkClient.tsx,18,button,<button disabled={busy} onClick={()=>void importTokens(false)}>,not recorded,not recorded,not recorded,not recorded,not recorded,not recorded,not recorded,,,pending verification
R059,apps/web/components/artwork/ImportArtworkClient.tsx,18,Link,"<Link href={nftPath(chainId,contract,result.tokenId)}>",not recorded,not recorded,not recorded,not recorded,not recorded,not recorded,not recorded,,,pending verification
R060,apps/web/components/artwork/ImportArtworkClient.tsx,18,Link,<Link href={`/profile/${address?.toLowerCase()}`}>,not recorded,not recorded,not recorded,not recorded,not recorded,not recorded,not recorded,,,pending verification
R061,apps/web/components/artwork/TagWorkspaceClient.tsx,17,Link,"<Link href=""/profile"">",not recorded,not recorded,not recorded,not recorded,not recorded,not recorded,not recorded,,,pending verification
R062,apps/web/components/artwork/TagWorkspaceClient.tsx,17,select,<select disabled={busy} value={chainId} onChange={e=>setChainId(Number(e.target.value))}>,not recorded,not recorded,not recorded,not recorded,not recorded,not recorded,not recorded,,,pending verification
R063,apps/web/components/artwork/TagWorkspaceClient.tsx,17,input,<input maxLength={32} disabled={busy} value={query} onChange={e=>{setQuery(e.target.value);setMatches([]);setCursor(null);}}/>,not recorded,not recorded,not recorded,not recorded,not recorded,not recorded,not recorded,,,pending verification
R064,apps/web/components/artwork/TagWorkspaceClient.tsx,17,button,<button disabled={busy||!address||!query.trim()} onClick={()=>void search()}>,not recorded,not recorded,not recorded,not recorded,not recorded,not recorded,not recorded,,,pending verification
R065,apps/web/components/artwork/TagWorkspaceClient.tsx,17,Link,"<Link href={nftPath(item.chainId,item.contractAddress,item.tokenId)}>",not recorded,not recorded,not recorded,not recorded,not recorded,not recorded,not recorded,,,pending verification
R066,apps/web/components/artwork/TagWorkspaceClient.tsx,17,button,<button disabled={busy} onClick={()=>void search(true)}>,not recorded,not recorded,not recorded,not recorded,not recorded,not recorded,not recorded,,,pending verification
R067,apps/web/components/artwork/TagWorkspaceClient.tsx,17,input,<input disabled={busy} value={contract} maxLength={42} onChange={e=>setContract(e.target.value.trim())}/>,not recorded,not recorded,not recorded,not recorded,not recorded,not recorded,not recorded,,,pending verification
R068,apps/web/components/artwork/TagWorkspaceClient.tsx,17,textarea,<textarea disabled={busy} value={ids} maxLength={800} onChange={e=>setIds(e.target.value)}/>,not recorded,not recorded,not recorded,not recorded,not recorded,not recorded,not recorded,,,pending verification
R069,apps/web/components/artwork/TagWorkspaceClient.tsx,17,input,<input disabled={busy} value={labels} maxLength={660} onChange={e=>setLabels(e.target.value)}/>,not recorded,not recorded,not recorded,not recorded,not recorded,not recorded,not recorded,,,pending verification
R070,apps/web/components/artwork/TagWorkspaceClient.tsx,17,select,<select disabled={busy} value={visibility} onChange={e=>setVisibility(e.target.value)}>,not recorded,not recorded,not recorded,not recorded,not recorded,not recorded,not recorded,,,pending verification
R071,apps/web/components/artwork/TagWorkspaceClient.tsx,17,select,<select disabled={busy} value={mode} onChange={e=>setMode(e.target.value)}>,not recorded,not recorded,not recorded,not recorded,not recorded,not recorded,not recorded,,,pending verification
R072,apps/web/components/artwork/TagWorkspaceClient.tsx,17,button,<button disabled={busy||!address||!wallet} onClick={()=>void edit()}>,not recorded,not recorded,not recorded,not recorded,not recorded,not recorded,not recorded,,,pending verification
R073,apps/web/components/create/CreateClient.tsx,84,input,"<input aria-label=""Artwork file"" type=""file"" accept=""image/png,image/jpeg,image/webp"" disabled={!loaded || busy || Boolean(draft.txHash)} onChange={e => { const file = e.target.files?.[0]; if (!file) return; if (file.size > LIMIT || !['image/png','image/jpeg','image/webp'].includes(file.type)) { setMessage('Choose a PNG, JPEG, or WebP smaller than 3 MiB.'); return; } edit({ file }); }} />",not recorded,not recorded,not recorded,not recorded,not recorded,not recorded,not recorded,,,pending verification
R074,apps/web/components/create/CreateClient.tsx,85,input,<input value={draft.name} maxLength={120} disabled={busy || Boolean(draft.txHash)} onChange={e => edit({ name: e.target.value })} />,not recorded,not recorded,not recorded,not recorded,not recorded,not recorded,not recorded,,,pending verification
R075,apps/web/components/create/CreateClient.tsx,85,textarea,<textarea value={draft.description} maxLength={2000} disabled={busy || Boolean(draft.txHash)} onChange={e => edit({ description: e.target.value })} />,not recorded,not recorded,not recorded,not recorded,not recorded,not recorded,not recorded,,,pending verification
R076,apps/web/components/create/CreateClient.tsx,86,button,<button disabled={busy || !loaded} onClick={() => void publish()}>,not recorded,not recorded,not recorded,not recorded,not recorded,not recorded,not recorded,,,pending verification
R077,apps/web/components/create/CreateClient.tsx,86,Link,"<Link className=""ctaLink"" href=""/profile/setup"">",not recorded,not recorded,not recorded,not recorded,not recorded,not recorded,not recorded,,,pending verification
R078,apps/web/components/create/CreateClient.tsx,86,button,"<button className=""secondary"" onClick={() => { setDraft({ name: '', description: '' }); setComplete(false); setStage(0); setMessage(''); }}>",not recorded,not recorded,not recorded,not recorded,not recorded,not recorded,not recorded,,,pending verification
R079,apps/web/components/create/CreateClient.tsx,88,button,"<button className=""secondary"" disabled={busy} onClick={() => setStage(stage - 1)}>",not recorded,not recorded,not recorded,not recorded,not recorded,not recorded,not recorded,,,pending verification
R080,apps/web/components/create/CreateClient.tsx,88,button,<button disabled={!loaded || !draft.file || (stage === 1 && !draft.name.trim())} onClick={() => setStage(stage + 1)}>,not recorded,not recorded,not recorded,not recorded,not recorded,not recorded,not recorded,,,pending verification
R081,apps/web/components/create/CreateClient.tsx,92,summary,<summary>,not recorded,not recorded,not recorded,not recorded,not recorded,not recorded,not recorded,,,pending verification
R082,apps/web/components/create/CreateClient.tsx,92,Link,<Link href={`/mint?view=manage&chainId=${targetChainId}`}>,not recorded,not recorded,not recorded,not recorded,not recorded,not recorded,not recorded,,,pending verification
R083,apps/web/components/create/CreateClient.tsx,92,Link,<Link href={`/mint?view=mint&collection=custom&chainId=${targetChainId}`}>,not recorded,not recorded,not recorded,not recorded,not recorded,not recorded,not recorded,,,pending verification
R084,apps/web/components/discover/DiscoverClient.tsx,46,Link,"<Link href={collectionPath(item.chainId,item.contractAddress)} className=""artworkCardImage discoveryCollectionCover"" aria-label={`View ${title}`}>",not recorded,not recorded,not recorded,not recorded,not recorded,not recorded,not recorded,,,pending verification
R085,apps/web/components/discover/DiscoverClient.tsx,48,Link,"<Link href={collectionPath(item.chainId,item.contractAddress)}>",not recorded,not recorded,not recorded,not recorded,not recorded,not recorded,not recorded,,,pending verification
R086,apps/web/components/discover/DiscoverClient.tsx,51,Link,"<Link href={collectionPath(item.chainId,item.contractAddress)} className=""ctaLink"">",not recorded,not recorded,not recorded,not recorded,not recorded,not recorded,not recorded,,,pending verification
R087,apps/web/components/discover/DiscoverClient.tsx,327,button,"<button type=""button"" className={view === ""profiles"" ? ""discoverTab discoverTabActive"" : ""discoverTab""} aria-pressed={view === ""profiles""} onClick={() => setView(""profiles"")}>",not recorded,not recorded,not recorded,not recorded,not recorded,not recorded,not recorded,,,pending verification
R088,apps/web/components/discover/DiscoverClient.tsx,330,button,"<button type=""button"" className={view === ""collections"" ? ""discoverTab discoverTabActive"" : ""discoverTab""} aria-pressed={view === ""collections""} onClick={() => setView(""collections"")}>",not recorded,not recorded,not recorded,not recorded,not recorded,not recorded,not recorded,,,pending verification
R089,apps/web/components/discover/DiscoverClient.tsx,333,button,"<button type=""button"" className={view === ""nfts"" ? ""discoverTab discoverTabActive"" : ""discoverTab""} aria-pressed={view === ""nfts""} onClick={() => setView(""nfts"")}>",not recorded,not recorded,not recorded,not recorded,not recorded,not recorded,not recorded,,,pending verification
R090,apps/web/components/discover/DiscoverClient.tsx,340,input,"<input className=""discoverFieldControl"" value={searchValue} onChange={(event) => setSearchValue(event.target.value)} placeholder={view === ""profiles"" ? ""name, slug, tagline, wallet"" : ""name, contract, token, wallet""} />",not recorded,not recorded,not recorded,not recorded,not recorded,not recorded,not recorded,,,pending verification
R091,apps/web/components/discover/DiscoverClient.tsx,351,select,"<select className=""discoverFieldControl"" value={profileSourceFilter} onChange={(event) => setProfileSourceFilter(event.target.value as ProfileSourceFilter)} >",not recorded,not recorded,not recorded,not recorded,not recorded,not recorded,not recorded,,,pending verification
R092,apps/web/components/discover/DiscoverClient.tsx,365,select,"<select className=""discoverFieldControl"" value={profileCollectionFilter} onChange={(event) => setProfileCollectionFilter(event.target.value as ProfileCollectionFilter)} >",not recorded,not recorded,not recorded,not recorded,not recorded,not recorded,not recorded,,,pending verification
R093,apps/web/components/discover/DiscoverClient.tsx,377,select,"<select className=""discoverFieldControl"" value={profileSort} onChange={(event) => setProfileSort(event.target.value as ProfileSort)}>",not recorded,not recorded,not recorded,not recorded,not recorded,not recorded,not recorded,,,pending verification
R094,apps/web/components/discover/DiscoverClient.tsx,390,select,"<select className=""discoverFieldControl"" value={collectionStandardFilter} onChange={(event) => setCollectionStandardFilter(event.target.value as StandardFilter)} >",not recorded,not recorded,not recorded,not recorded,not recorded,not recorded,not recorded,,,pending verification
R095,apps/web/components/discover/DiscoverClient.tsx,402,select,"<select className=""discoverFieldControl"" value={collectionListingFilter} onChange={(event) => setCollectionListingFilter(event.target.value as ListingFilter)} >",not recorded,not recorded,not recorded,not recorded,not recorded,not recorded,not recorded,,,pending verification
R096,apps/web/components/discover/DiscoverClient.tsx,418,select,"<select className=""discoverFieldControl"" value={nftStandardFilter} onChange={(event) => setNftStandardFilter(event.target.value as StandardFilter)} >",not recorded,not recorded,not recorded,not recorded,not recorded,not recorded,not recorded,,,pending verification
R097,apps/web/components/discover/DiscoverClient.tsx,430,select,"<select className=""discoverFieldControl"" value={nftListingFilter} onChange={(event) => setNftListingFilter(event.target.value as ListingFilter)} >",not recorded,not recorded,not recorded,not recorded,not recorded,not recorded,not recorded,,,pending verification
R098,apps/web/components/discover/DiscoverClient.tsx,442,select,"<select className=""discoverFieldControl"" value={nftMediaFilter} onChange={(event) => setNftMediaFilter(event.target.value as MediaFilter)} >",not recorded,not recorded,not recorded,not recorded,not recorded,not recorded,not recorded,,,pending verification
R099,apps/web/components/discover/DiscoverClient.tsx,460,button,<button onClick={()=>{setProfileCursor(0);setRetryAttempt(value=>value+1);}}>,not recorded,not recorded,not recorded,not recorded,not recorded,not recorded,not recorded,,,pending verification
R100,apps/web/components/discover/DiscoverClient.tsx,481,Link,"<Link href={`/profile/${encodeURIComponent(profile.slug)}`} className=""ctaLink"">",not recorded,not recorded,not recorded,not recorded,not recorded,not recorded,not recorded,,,pending verification
R101,apps/web/components/discover/DiscoverClient.tsx,491,button,"<button type=""button"" onClick={loadMoreProfiles} disabled={directoryLoading}>",not recorded,not recorded,not recorded,not recorded,not recorded,not recorded,not recorded,,,pending verification
R102,apps/web/components/discover/DiscoverClient.tsx,504,button,<button onClick={()=>{setFeedCursor(0);setRetryAttempt(value=>value+1);}}>,not recorded,not recorded,not recorded,not recorded,not recorded,not recorded,not recorded,,,pending verification
R103,apps/web/components/discover/DiscoverClient.tsx,514,button,"<button type=""button"" onClick={loadMoreFeed} disabled={feedLoading}>",not recorded,not recorded,not recorded,not recorded,not recorded,not recorded,not recorded,,,pending verification
R104,apps/web/components/discover/DiscoverClient.tsx,527,button,<button onClick={()=>{setFeedCursor(0);setRetryAttempt(value=>value+1);}}>,not recorded,not recorded,not recorded,not recorded,not recorded,not recorded,not recorded,,,pending verification
R105,apps/web/components/discover/DiscoverClient.tsx,537,button,"<button type=""button"" onClick={loadMoreFeed} disabled={feedLoading}>",not recorded,not recorded,not recorded,not recorded,not recorded,not recorded,not recorded,,,pending verification
R106,apps/web/components/marketplace/MarketplaceClient.tsx,33,Link,"<Link className=""ctaLink"" href=""/profile/listings"">",not recorded,not recorded,not recorded,not recorded,not recorded,not recorded,not recorded,,,pending verification
R107,apps/web/components/marketplace/MarketplaceClient.tsx,33,select,<select value={chainId} disabled={busy} onChange={e=>{setChainId(Number(e.target.value));setCursor(0);setItems([]);setSelected(null);}}>,not recorded,not recorded,not recorded,not recorded,not recorded,not recorded,not recorded,,,pending verification
R108,apps/web/components/marketplace/MarketplaceClient.tsx,33,input,"<input value={query} onChange={e=>setQuery(e.target.value)} placeholder=""Artwork, contract, or token ID""/>",not recorded,not recorded,not recorded,not recorded,not recorded,not recorded,not recorded,,,pending verification
R109,apps/web/components/marketplace/MarketplaceClient.tsx,33,button,"<button className=""secondary"" disabled={busy||loading} onClick={()=>{setCursor(0);setAttempt(v=>v+1);}}>",not recorded,not recorded,not recorded,not recorded,not recorded,not recorded,not recorded,,,pending verification
R110,apps/web/components/marketplace/MarketplaceClient.tsx,33,Link,"<Link className=""artworkCardImage"" href={nftPath(chainId,item.collectionAddress,item.tokenId)}>",not recorded,not recorded,not recorded,not recorded,not recorded,not recorded,not recorded,,,pending verification
R111,apps/web/components/marketplace/MarketplaceClient.tsx,33,button,<button disabled={busy} onClick={()=>{setSelected(item);setError('');}}>,not recorded,not recorded,not recorded,not recorded,not recorded,not recorded,not recorded,,,pending verification
R112,apps/web/components/marketplace/MarketplaceClient.tsx,33,button,<button disabled={loading||busy} onClick={()=>setCursor(next)}>,not recorded,not recorded,not recorded,not recorded,not recorded,not recorded,not recorded,,,pending verification
R113,apps/web/components/marketplace/MarketplaceClient.tsx,33,button,<button disabled={!address||!wallet||busy} onClick={()=>void buy()}>,not recorded,not recorded,not recorded,not recorded,not recorded,not recorded,not recorded,,,pending verification
R114,apps/web/components/marketplace/MarketplaceClient.tsx,33,button,"<button className=""secondary"" disabled={busy} onClick={()=>setSelected(null)}>",not recorded,not recorded,not recorded,not recorded,not recorded,not recorded,not recorded,,,pending verification
R115,apps/web/components/mint/MintClient.tsx,933,a,"<a href={metadataLink} target=""_blank"" rel=""noreferrer"" className=""ctaLink secondaryLink"">",not recorded,not recorded,not recorded,not recorded,not recorded,not recorded,not recorded,,,pending verification
R116,apps/web/components/mint/MintClient.tsx,938,a,"<a href={mediaLink} target=""_blank"" rel=""noreferrer"" className=""ctaLink secondaryLink"">",not recorded,not recorded,not recorded,not recorded,not recorded,not recorded,not recorded,,,pending verification
R117,apps/web/components/mint/MintClient.tsx,3325,button,"<button type=""button"" className={pageMode === ""mint"" ? ""presetButton presetActive mintWorkspaceModeButton"" : ""presetButton mintWorkspaceModeButton""} onClick={() => setPageMode(""mint"")}>",not recorded,not recorded,not recorded,not recorded,not recorded,not recorded,not recorded,,,pending verification
R118,apps/web/components/mint/MintClient.tsx,3329,button,"<button type=""button"" className={pageMode === ""view"" ? ""presetButton presetActive mintWorkspaceModeButton"" : ""presetButton mintWorkspaceModeButton""} onClick={() => setPageMode(""view"")}>",not recorded,not recorded,not recorded,not recorded,not recorded,not recorded,not recorded,,,pending verification
R119,apps/web/components/mint/MintClient.tsx,3333,button,"<button type=""button"" className={pageMode === ""manage"" ? ""presetButton presetActive mintWorkspaceModeButton"" : ""presetButton mintWorkspaceModeButton""} onClick={() => setPageMode(""manage"")}>",not recorded,not recorded,not recorded,not recorded,not recorded,not recorded,not recorded,,,pending verification
R120,apps/web/components/mint/MintClient.tsx,3370,select,<select value={selectedWalletNetworkId} onChange={(e) => void onSelectWalletNetwork(Number(e.target.value))} disabled={!isConnected || isSwitchingChain} >,not recorded,not recorded,not recorded,not recorded,not recorded,not recorded,not recorded,,,pending verification
R121,apps/web/components/mint/MintClient.tsx,3399,select,<select value={standard} onChange={(e) => setStandard(e.target.value as Standard)}>,not recorded,not recorded,not recorded,not recorded,not recorded,not recorded,not recorded,,,pending verification
R122,apps/web/components/mint/MintClient.tsx,3411,select,<select value={mintMode} onChange={(e) => { setMintMode(e.target.value as MintMode); setShowDeployForm(false); }} >,not recorded,not recorded,not recorded,not recorded,not recorded,not recorded,not recorded,,,pending verification
R123,apps/web/components/mint/MintClient.tsx,3450,select,"<select value={collectionSelector} onChange={(e) => setCollectionSelector(e.target.value as ""saved"" | ""manual"")} >",not recorded,not recorded,not recorded,not recorded,not recorded,not recorded,not recorded,,,pending verification
R124,apps/web/components/mint/MintClient.tsx,3461,select,<select value={customCollectionAddress} onChange={(e) => setCustomCollectionAddress(e.target.value)} >,not recorded,not recorded,not recorded,not recorded,not recorded,not recorded,not recorded,,,pending verification
R125,apps/web/components/mint/MintClient.tsx,3475,input,<input value={customCollectionAddress} onChange={(e) => setCustomCollectionAddress(e.target.value)} />,not recorded,not recorded,not recorded,not recorded,not recorded,not recorded,not recorded,,,pending verification
R126,apps/web/components/mint/MintClient.tsx,3496,a,"<a href={toExplorerAddress(config.chainId, customCollectionAddress)!} target=""_blank"" rel=""noreferrer"">",not recorded,not recorded,not recorded,not recorded,not recorded,not recorded,not recorded,,,pending verification
R127,apps/web/components/mint/MintClient.tsx,3510,input,"<input value={custom1155TokenId} onChange={(e) => setCustom1155TokenId(e.target.value)} inputMode=""numeric"" />",not recorded,not recorded,not recorded,not recorded,not recorded,not recorded,not recorded,,,pending verification
R128,apps/web/components/mint/MintClient.tsx,3520,input,"<input type=""checkbox"" checked={lockMetadata} onChange={(e) => setLockMetadata(e.target.checked)} />",not recorded,not recorded,not recorded,not recorded,not recorded,not recorded,not recorded,,,pending verification
R129,apps/web/components/mint/MintClient.tsx,3536,summary,"<summary style={{ cursor: ""pointer"", fontWeight: 600, marginTop: ""0.5rem"" }}>",not recorded,not recorded,not recorded,not recorded,not recorded,not recorded,not recorded,,,pending verification
R130,apps/web/components/mint/MintClient.tsx,3546,input,<input value={deployName} onChange={(e) => setDeployName(e.target.value)} />,not recorded,not recorded,not recorded,not recorded,not recorded,not recorded,not recorded,,,pending verification
R131,apps/web/components/mint/MintClient.tsx,3550,input,<input value={deploySymbol} onChange={(e) => setDeploySymbol(e.target.value)} />,not recorded,not recorded,not recorded,not recorded,not recorded,not recorded,not recorded,,,pending verification
R132,apps/web/components/mint/MintClient.tsx,3554,input,<input value={deploySubname} onChange={(e) => setDeploySubname(e.target.value)} />,not recorded,not recorded,not recorded,not recorded,not recorded,not recorded,not recorded,,,pending verification
R133,apps/web/components/mint/MintClient.tsx,3564,input,"<input value={deployRoyaltyReceiver} onChange={(e) => setDeployRoyaltyReceiver(e.target.value)} placeholder=""0x... or name.eth"" />",not recorded,not recorded,not recorded,not recorded,not recorded,not recorded,not recorded,,,pending verification
R134,apps/web/components/mint/MintClient.tsx,3585,input,"<input value={deployRoyaltyBps} onChange={(e) => setDeployRoyaltyBps(e.target.value)} inputMode=""numeric"" />",not recorded,not recorded,not recorded,not recorded,not recorded,not recorded,not recorded,,,pending verification
R135,apps/web/components/mint/MintClient.tsx,3592,button,"<button type=""button"" onClick={onDeployCollection} disabled={!isConnected || wrongNetwork || deployTx.status === ""pending""} >",not recorded,not recorded,not recorded,not recorded,not recorded,not recorded,not recorded,,,pending verification
R136,apps/web/components/mint/MintClient.tsx,3618,input,<input value={name} onChange={(e) => setName(e.target.value)} />,not recorded,not recorded,not recorded,not recorded,not recorded,not recorded,not recorded,,,pending verification
R137,apps/web/components/mint/MintClient.tsx,3622,input,<input value={description} onChange={(e) => setDescription(e.target.value)} />,not recorded,not recorded,not recorded,not recorded,not recorded,not recorded,not recorded,,,pending verification
R138,apps/web/components/mint/MintClient.tsx,3627,input,"<input value={copies} onChange={(e) => setCopies(e.target.value)} inputMode=""numeric"" />",not recorded,not recorded,not recorded,not recorded,not recorded,not recorded,not recorded,,,pending verification
R139,apps/web/components/mint/MintClient.tsx,3635,input,"<input type=""file"" accept=""image/*"" onChange={(e) => setImageFile(e.target.files?.[0] ?? null)} />",not recorded,not recorded,not recorded,not recorded,not recorded,not recorded,not recorded,,,pending verification
R140,apps/web/components/mint/MintClient.tsx,3638,input,"<input type=""checkbox"" checked={includeAudio} onChange={(e) => setIncludeAudio(e.target.checked)} />",not recorded,not recorded,not recorded,not recorded,not recorded,not recorded,not recorded,,,pending verification
R141,apps/web/components/mint/MintClient.tsx,3648,input,"<input type=""file"" accept=""audio/*"" onChange={(e) => setAudioFile(e.target.files?.[0] ?? null)} />",not recorded,not recorded,not recorded,not recorded,not recorded,not recorded,not recorded,,,pending verification
R142,apps/web/components/mint/MintClient.tsx,3663,input,"<input type=""checkbox"" checked={includeExternalUrl} onChange={(e) => setIncludeExternalUrl(e.target.checked)} />",not recorded,not recorded,not recorded,not recorded,not recorded,not recorded,not recorded,,,pending verification
R143,apps/web/components/mint/MintClient.tsx,3673,input,<input value={externalUrl} onChange={(e) => setExternalUrl(e.target.value)} />,not recorded,not recorded,not recorded,not recorded,not recorded,not recorded,not recorded,,,pending verification
R144,apps/web/components/mint/MintClient.tsx,3677,input,"<input type=""checkbox"" checked={useCustomMetadataUri} onChange={(e) => setUseCustomMetadataUri(e.target.checked)} />",not recorded,not recorded,not recorded,not recorded,not recorded,not recorded,not recorded,,,pending verification
R145,apps/web/components/mint/MintClient.tsx,3687,input,<input value={metadataUri} onChange={(e) => setMetadataUri(e.target.value)} />,not recorded,not recorded,not recorded,not recorded,not recorded,not recorded,not recorded,,,pending verification
R146,apps/web/components/mint/MintClient.tsx,3757,button,"<button type=""submit"" disabled={!isConnected || wrongNetwork || mintTx.status === ""pending"" || uploadTx.status === ""pending""} >",not recorded,not recorded,not recorded,not recorded,not recorded,not recorded,not recorded,,,pending verification
R147,apps/web/components/mint/MintClient.tsx,3775,a,"<a href={toExplorerTx(getContractsConfig().chainId, mintTx.hash)!} target=""_blank"" rel=""noreferrer"">",not recorded,not recorded,not recorded,not recorded,not recorded,not recorded,not recorded,,,pending verification
R148,apps/web/components/mint/MintClient.tsx,3780,a,"<a href={uploadReceipt.metadataGatewayUrl} target=""_blank"" rel=""noreferrer"">",not recorded,not recorded,not recorded,not recorded,not recorded,not recorded,not recorded,,,pending verification
R149,apps/web/components/mint/MintClient.tsx,3787,a,"<a href={uploadReceipt.imageGatewayUrl} target=""_blank"" rel=""noreferrer"">",not recorded,not recorded,not recorded,not recorded,not recorded,not recorded,not recorded,,,pending verification
R150,apps/web/components/mint/MintClient.tsx,3792,a,"<a href={uploadReceipt.audioGatewayUrl} target=""_blank"" rel=""noreferrer"">",not recorded,not recorded,not recorded,not recorded,not recorded,not recorded,not recorded,,,pending verification
R151,apps/web/components/mint/MintClient.tsx,3836,select,"<select value={manageSelector} onChange={(e) => setManageSelector(e.target.value as ""saved"" | ""manual"")} >",not recorded,not recorded,not recorded,not recorded,not recorded,not recorded,not recorded,,,pending verification
R152,apps/web/components/mint/MintClient.tsx,3848,select,<select value={manageAddress} onChange={(e) => setManageAddress(e.target.value)} >,not recorded,not recorded,not recorded,not recorded,not recorded,not recorded,not recorded,,,pending verification
R153,apps/web/components/mint/MintClient.tsx,3863,input,<input value={manageAddress} onChange={(e) => setManageAddress(e.target.value)} />,not recorded,not recorded,not recorded,not recorded,not recorded,not recorded,not recorded,,,pending verification
R154,apps/web/components/mint/MintClient.tsx,3903,a,"<a href={toExplorerAddress(config.chainId, manageAddress)!} target=""_blank"" rel=""noreferrer"">",not recorded,not recorded,not recorded,not recorded,not recorded,not recorded,not recorded,,,pending verification
R155,apps/web/components/mint/MintClient.tsx,3947,button,"<button type=""button"" className=""secondaryButton"" disabled={!isAddress(manageAddress) || viewCollectionLoading} onClick={() => { if (!isAddress(manageAddress)) return; setViewCollectionLoading(true); setViewCollectionError(""""); void fetchCollectionTokens(manageAddress, { chainId: config.chainId, sync: true, syncScope: ""collection"", timeoutMs: 30_000, ownerAddress: manageCollectionOwner || account || undefined, royaltyReceiverAddress: manageRoyaltyReceiver || undefined, implementationAddress: manageImplementationAddress || undefined }) .then(async (result) => { if (result.count === 0 && publicClient && manageCollectionStandard) { result = await fetchCollectionTokensOnChain({ publicClient, cha",not recorded,not recorded,not recorded,not recorded,not recorded,not recorded,not recorded,,,pending verification
R156,apps/web/components/mint/MintClient.tsx,4063,select,"<select value={manageSelector} onChange={(e) => setManageSelector(e.target.value as ""saved"" | ""manual"")} >",not recorded,not recorded,not recorded,not recorded,not recorded,not recorded,not recorded,,,pending verification
R157,apps/web/components/mint/MintClient.tsx,4075,select,<select value={manageAddress} onChange={(e) => setManageAddress(e.target.value)} >,not recorded,not recorded,not recorded,not recorded,not recorded,not recorded,not recorded,,,pending verification
R158,apps/web/components/mint/MintClient.tsx,4090,input,<input value={manageAddress} onChange={(e) => setManageAddress(e.target.value)} />,not recorded,not recorded,not recorded,not recorded,not recorded,not recorded,not recorded,,,pending verification
R159,apps/web/components/mint/MintClient.tsx,4104,a,"<a href={toExplorerAddress(config.chainId, manageAddress)!} target=""_blank"" rel=""noreferrer"">",not recorded,not recorded,not recorded,not recorded,not recorded,not recorded,not recorded,,,pending verification
R160,apps/web/components/mint/MintClient.tsx,4128,a,"<a href={toExplorerAddress(config.chainId, manageAddress)!} target=""_blank"" rel=""noreferrer"">",not recorded,not recorded,not recorded,not recorded,not recorded,not recorded,not recorded,,,pending verification
R161,apps/web/components/mint/MintClient.tsx,4139,a,"<a href={toExplorerAddress(config.chainId, manageImplementationAddress)!} target=""_blank"" rel=""noreferrer"">",not recorded,not recorded,not recorded,not recorded,not recorded,not recorded,not recorded,,,pending verification
R162,apps/web/components/mint/MintClient.tsx,4150,button,"<button type=""button"" className=""secondaryButton"" disabled={!isAddress(manageAddress) || !manageCollectionStandard || collectionVerificationTx.status === ""pending""} onClick={() => { if (!isAddress(manageAddress) || !manageCollectionStandard) return; void runCollectionVerification(manageAddress, manageCollectionStandard); }} >",not recorded,not recorded,not recorded,not recorded,not recorded,not recorded,not recorded,,,pending verification
R163,apps/web/components/mint/MintClient.tsx,4161,button,"<button type=""button"" className=""secondaryButton"" disabled={!isAddress(manageAddress) || collectionVerificationTx.status === ""pending""} onClick={() => { if (!isAddress(manageAddress)) return; void checkCollectionVerificationStatus(manageAddress); }} >",not recorded,not recorded,not recorded,not recorded,not recorded,not recorded,not recorded,,,pending verification
R164,apps/web/components/mint/MintClient.tsx,4173,a,"<a href={collectionVerificationTx.explorerUrl} target=""_blank"" rel=""noreferrer"" className=""ctaLink secondaryLink"">",not recorded,not recorded,not recorded,not recorded,not recorded,not recorded,not recorded,,,pending verification
R165,apps/web/components/mint/MintClient.tsx,4211,select,<select value={identityMode} onChange={(e) => setIdentityMode(e.target.value as CollectionIdentityMode)}>,not recorded,not recorded,not recorded,not recorded,not recorded,not recorded,not recorded,,,pending verification
R166,apps/web/components/mint/MintClient.tsx,4225,input,<input value={registerSubnameLabel} onChange={(e) => setRegisterSubnameLabel(e.target.value)} />,not recorded,not recorded,not recorded,not recorded,not recorded,not recorded,not recorded,,,pending verification
R167,apps/web/components/mint/MintClient.tsx,4232,select,<select value={selectedCollectionSubnameParentOption} onChange={(e) => setCollectionSubnameParent(e.target.value)} disabled={collectionEnsParentCandidates.length === 0} >,not recorded,not recorded,not recorded,not recorded,not recorded,not recorded,not recorded,,,pending verification
R168,apps/web/components/mint/MintClient.tsx,4267,input,"<input value={registerSubnameLabel} onChange={(e) => setRegisterSubnameLabel(e.target.value)} list={identityMode === ""ens"" ? ""existing-ens-options"" : ""existing-ens-subname-options""} placeholder={identityMode === ""ens"" ? ""artist.eth"" : ""studio.example.eth""} />",not recorded,not recorded,not recorded,not recorded,not recorded,not recorded,not recorded,,,pending verification
R169,apps/web/components/mint/MintClient.tsx,4301,input,<input value={registerSubnameLabel} onChange={(e) => setRegisterSubnameLabel(e.target.value)} />,not recorded,not recorded,not recorded,not recorded,not recorded,not recorded,not recorded,,,pending verification
R170,apps/web/components/mint/MintClient.tsx,4323,button,"<button type=""button"" onClick={() => { void saveCollectionIdentity(); }} disabled={ !isConnected || !isAddress(manageAddress) || ((identityMode === ""nftfactory-subname"" || identityMode === ""register-eth"" || identityMode === ""register-eth-subname"") && wrongNetwork) || (identityMode === ""register-eth-subname"" && !String(collectionSubnameParent || """").trim()) || (identityMode === ""register-eth"" && Boolean(pendingCollectionEnsRegistration) && collectionRegistrationCountdown > 0) || subnameTx.status === ""pending"" } >",not recorded,not recorded,not recorded,not recorded,not recorded,not recorded,not recorded,,,pending verification
R171,apps/web/components/mint/MintClient.tsx,4365,input,"<input value={manageRoyaltyReceiver} onChange={(e) => setManageRoyaltyReceiver(e.target.value)} placeholder={account || ""0x...""} />",not recorded,not recorded,not recorded,not recorded,not recorded,not recorded,not recorded,,,pending verification
R172,apps/web/components/mint/MintClient.tsx,4373,input,"<input inputMode=""numeric"" value={manageRoyaltyBps} onChange={(e) => setManageRoyaltyBps(sanitizeRoyaltyBpsInput(e.target.value))} placeholder=""500"" />",not recorded,not recorded,not recorded,not recorded,not recorded,not recorded,not recorded,,,pending verification
R173,apps/web/components/mint/MintClient.tsx,4383,button,"<button type=""button"" onClick={onSaveDefaultRoyalty} disabled={!isConnected || wrongNetwork || !isAddress(manageAddress) || royaltyTx.status === ""pending""} >",not recorded,not recorded,not recorded,not recorded,not recorded,not recorded,not recorded,,,pending verification
R174,apps/web/components/mint/MintClient.tsx,4414,a,"<a href={toExplorerAddress(config.chainId, config.royaltySplitRegistry)!} target=""_blank"" rel=""noreferrer"">",not recorded,not recorded,not recorded,not recorded,not recorded,not recorded,not recorded,,,pending verification
R175,apps/web/components/mint/MintClient.tsx,4447,input,"<input value={split.account} onChange={(e) => updateRoyaltySplitRow(index, ""account"", e.target.value)} placeholder=""0x..."" />",not recorded,not recorded,not recorded,not recorded,not recorded,not recorded,not recorded,,,pending verification
R176,apps/web/components/mint/MintClient.tsx,4455,input,"<input inputMode=""numeric"" value={split.bps} onChange={(e) => updateRoyaltySplitRow(index, ""bps"", e.target.value)} placeholder=""5000"" />",not recorded,not recorded,not recorded,not recorded,not recorded,not recorded,not recorded,,,pending verification
R177,apps/web/components/mint/MintClient.tsx,4468,button,"<button type=""button"" className=""secondary"" onClick={() => removeRoyaltySplitRow(index)} disabled={royaltySplitTx.status === ""pending""} >",not recorded,not recorded,not recorded,not recorded,not recorded,not recorded,not recorded,,,pending verification
R178,apps/web/components/mint/MintClient.tsx,4488,button,"<button type=""button"" className=""secondary"" onClick={addRoyaltySplitRow} disabled={royaltySplitTx.status === ""pending""} >",not recorded,not recorded,not recorded,not recorded,not recorded,not recorded,not recorded,,,pending verification
R179,apps/web/components/mint/MintClient.tsx,4496,button,"<button type=""button"" className=""secondary"" onClick={clearRoyaltySplitRows} disabled={royaltySplitTx.status === ""pending"" || manageRoyaltySplits.length === 0} >",not recorded,not recorded,not recorded,not recorded,not recorded,not recorded,not recorded,,,pending verification
R180,apps/web/components/mint/MintClient.tsx,4504,button,"<button type=""button"" onClick={onSaveCollectionRoyaltySplits} disabled={!isConnected || wrongNetwork || !isAddress(manageAddress) || royaltySplitTx.status === ""pending""} >",not recorded,not recorded,not recorded,not recorded,not recorded,not recorded,not recorded,,,pending verification
R181,apps/web/components/mint/MintClient.tsx,4547,a,"<a href={ownerExplorerUrl} target=""_blank"" rel=""noreferrer"" className=""mono"">",not recorded,not recorded,not recorded,not recorded,not recorded,not recorded,not recorded,,,pending verification
R182,apps/web/components/mint/MintClient.tsx,4584,input,"<input value={transferTarget} onChange={(e) => setTransferTarget(e.target.value)} placeholder=""0x..."" />",not recorded,not recorded,not recorded,not recorded,not recorded,not recorded,not recorded,,,pending verification
R183,apps/web/components/mint/MintClient.tsx,4591,button,"<button type=""button"" onClick={onCancelPendingOwnershipTransfer} disabled={ !isConnected || wrongNetwork || !isAddress(manageAddress) || !connectedWalletOwnsCollection || transferTx.status === ""pending"" } >",not recorded,not recorded,not recorded,not recorded,not recorded,not recorded,not recorded,,,pending verification
R184,apps/web/components/mint/MintClient.tsx,4604,button,"<button type=""button"" onClick={onTransferOwnership} disabled={ !isConnected || wrongNetwork || !isAddress(manageAddress) || !connectedWalletOwnsCollection || !hasValidTransferTarget || transferTx.status === ""pending"" } >",not recorded,not recorded,not recorded,not recorded,not recorded,not recorded,not recorded,,,pending verification
R185,apps/web/components/mint/MintClient.tsx,4622,button,"<button type=""button"" onClick={onAcceptOwnership} disabled={ !isConnected || wrongNetwork || !isAddress(manageAddress) || !connectedWalletIsPendingOwner || transferTx.status === ""pending"" } >",not recorded,not recorded,not recorded,not recorded,not recorded,not recorded,not recorded,,,pending verification
R186,apps/web/components/mint/MintClient.tsx,4648,input,"<input value={transferTarget} onChange={(e) => setTransferTarget(e.target.value)} placeholder=""0x..."" />",not recorded,not recorded,not recorded,not recorded,not recorded,not recorded,not recorded,,,pending verification
R187,apps/web/components/mint/MintClient.tsx,4654,button,"<button type=""button"" onClick={onTransferOwnership} disabled={ !isConnected || wrongNetwork || !isAddress(manageAddress) || !connectedWalletOwnsCollection || !hasValidTransferTarget || transferTx.status === ""pending"" } >",not recorded,not recorded,not recorded,not recorded,not recorded,not recorded,not recorded,,,pending verification
R188,apps/web/components/mint/MintClient.tsx,4679,input,"<input value={transferTarget} onChange={(e) => setTransferTarget(e.target.value)} placeholder=""0x..."" />",not recorded,not recorded,not recorded,not recorded,not recorded,not recorded,not recorded,,,pending verification
R189,apps/web/components/mint/MintClient.tsx,4685,button,"<button type=""button"" onClick={onTransferOwnership} disabled={ !isConnected || wrongNetwork || !isAddress(manageAddress) || !connectedWalletOwnsCollection || !hasValidTransferTarget || transferTx.status === ""pending"" } >",not recorded,not recorded,not recorded,not recorded,not recorded,not recorded,not recorded,,,pending verification
R190,apps/web/components/mint/MintClient.tsx,4715,input,"<input type=""checkbox"" checked={finalizeConfirmed} onChange={(e) => setFinalizeConfirmed(e.target.checked)} />",not recorded,not recorded,not recorded,not recorded,not recorded,not recorded,not recorded,,,pending verification
R191,apps/web/components/mint/MintClient.tsx,4723,button,"<button type=""button"" onClick={onFinalizeUpgrades} disabled={ !isConnected || wrongNetwork || !isAddress(manageAddress) || !finalizeConfirmed || finalizeTx.status === ""pending"" } style={{ background: finalizeConfirmed ? ""#c00"" : undefined }} >",not recorded,not recorded,not recorded,not recorded,not recorded,not recorded,not recorded,,,pending verification
R192,apps/web/components/mint/MintClient.tsx,4828,a,"<a href={toExplorerTx(getContractsConfig().chainId, state.hash)!} target=""_blank"" rel=""noreferrer"">",not recorded,not recorded,not recorded,not recorded,not recorded,not recorded,not recorded,,,pending verification
R193,apps/web/components/profile/CreatorIdentityClient.tsx,21,button,<button onClick={()=>setAttempt(value=>value+1)}>,not recorded,not recorded,not recorded,not recorded,not recorded,not recorded,not recorded,,,pending verification
R194,apps/web/components/profile/CreatorIdentityClient.tsx,21,Link,"<Link href=""/discover"">",not recorded,not recorded,not recorded,not recorded,not recorded,not recorded,not recorded,,,pending verification
R195,apps/web/components/profile/CreatorPageClient.tsx,32,summary,<summary>,not recorded,not recorded,not recorded,not recorded,not recorded,not recorded,not recorded,,,pending verification
R196,apps/web/components/profile/CreatorPageClient.tsx,32,Link,"<Link className=""ctaLink"" href=""/profile/setup"">",not recorded,not recorded,not recorded,not recorded,not recorded,not recorded,not recorded,,,pending verification
R197,apps/web/components/profile/CreatorPageClient.tsx,33,button,<button onClick={()=>setAttempt(v=>v+1)}>,not recorded,not recorded,not recorded,not recorded,not recorded,not recorded,not recorded,,,pending verification
R198,apps/web/components/profile/CreatorPageClient.tsx,37,a,"<a href={safeProfileLink(link)!} target=""_blank"" rel=""noopener noreferrer"">",not recorded,not recorded,not recorded,not recorded,not recorded,not recorded,not recorded,,,pending verification
R199,apps/web/components/profile/CreatorPageClient.tsx,38,Link,"<Link className=""card"" key={`${c.chainId}:${c.contractAddress}`} href={collectionPath(c.chainId,c.contractAddress)}>",not recorded,not recorded,not recorded,not recorded,not recorded,not recorded,not recorded,,,pending verification
R200,apps/web/components/profile/CreatorPageClient.tsx,39,Link,"<Link href=""/discover"">",not recorded,not recorded,not recorded,not recorded,not recorded,not recorded,not recorded,,,pending verification
R201,apps/web/components/profile/CreatorSetupClient.tsx,49,input,<input value={draft.name} maxLength={80} onChange={e=>change({name:e.target.value})}/>,not recorded,not recorded,not recorded,not recorded,not recorded,not recorded,not recorded,,,pending verification
R202,apps/web/components/profile/CreatorSetupClient.tsx,49,textarea,<textarea value={draft.bio} maxLength={1200} onChange={e=>change({bio:e.target.value})}/>,not recorded,not recorded,not recorded,not recorded,not recorded,not recorded,not recorded,,,pending verification
R203,apps/web/components/profile/CreatorSetupClient.tsx,49,textarea,<textarea value={draft.aboutMe} maxLength={1200} onChange={e=>change({aboutMe:e.target.value})}/>,not recorded,not recorded,not recorded,not recorded,not recorded,not recorded,not recorded,,,pending verification
R204,apps/web/components/profile/CreatorSetupClient.tsx,49,input,"<input type=""url"" value={draft.avatarUrl} maxLength={2048} onChange={e=>change({avatarUrl:e.target.value})}/>",not recorded,not recorded,not recorded,not recorded,not recorded,not recorded,not recorded,,,pending verification
R205,apps/web/components/profile/CreatorSetupClient.tsx,49,input,"<input type=""url"" value={draft.bannerUrl} maxLength={2048} onChange={e=>change({bannerUrl:e.target.value})}/>",not recorded,not recorded,not recorded,not recorded,not recorded,not recorded,not recorded,,,pending verification
R206,apps/web/components/profile/CreatorSetupClient.tsx,49,textarea,<textarea value={draft.links} maxLength={4000} onChange={e=>change({links:e.target.value})}/>,not recorded,not recorded,not recorded,not recorded,not recorded,not recorded,not recorded,,,pending verification
R207,apps/web/components/profile/CreatorSetupClient.tsx,49,input,"<input type=""checkbox"" checked={checked} disabled={!checked&&draft.design.featured.length>=6} onChange={e=>change({design:normalizeDesign({...draft.design,featured:e.target.checked?[...draft.design.featured,key]:draft.design.featured.filter(id=>id!==key)})})}/>",passed: recorded scenario only,not recorded,not recorded,not recorded,not recorded,passed: Sepolia EOA scenario,not recorded,acceptance/live-profile-session.json,,partial; remaining states pending
R208,apps/web/components/profile/CreatorSetupClient.tsx,49,select,"<select value={draft.design.theme} onChange={e=>change({design:normalizeDesign({...draft.design,theme:e.target.value})})}>",not recorded,not recorded,not recorded,not recorded,not recorded,not recorded,not recorded,,,pending verification
R209,apps/web/components/profile/CreatorSetupClient.tsx,49,select,"<select value={draft.design.font} onChange={e=>change({design:normalizeDesign({...draft.design,font:e.target.value})})}>",not recorded,not recorded,not recorded,not recorded,not recorded,not recorded,not recorded,,,pending verification
R210,apps/web/components/profile/CreatorSetupClient.tsx,49,input,"<input type=""checkbox"" checked={draft.design.modules.includes(module)} onChange={e=>change({design:{...draft.design,modules:e.target.checked?[...draft.design.modules,module]:draft.design.modules.filter(m=>m!==module)}})}/>",not recorded,not recorded,not recorded,not recorded,not recorded,not recorded,not recorded,,,pending verification
R211,apps/web/components/profile/CreatorSetupClient.tsx,49,button,"<button type=""button"" className=""secondary"" disabled={!index} aria-label={`Move ${module} up`} onClick={()=>{const modules=[...draft.design.modules];[modules[index-1],modules[index]]=[modules[index],modules[index-1]];change({design:{...draft.design,modules}});}}>",not recorded,not recorded,not recorded,not recorded,not recorded,not recorded,not recorded,,,pending verification
R212,apps/web/components/profile/CreatorSetupClient.tsx,49,button,"<button className=""secondary"" onClick={()=>change({design:normalizeDesign(null)})}>",not recorded,not recorded,not recorded,not recorded,not recorded,not recorded,not recorded,,,pending verification
R213,apps/web/components/profile/CreatorSetupClient.tsx,49,button,"<button className=""secondary"" onClick={()=>{setPreview(true);}}>",passed: recorded scenario only,not recorded,not recorded,not recorded,not recorded,passed: Sepolia EOA scenario,not recorded,acceptance/live-profile-session.json,,partial; remaining states pending
R214,apps/web/components/profile/CreatorSetupClient.tsx,49,button,"<button className=""secondary"" disabled={!address||loading} onClick={()=>localDraft('save')}>",passed: recorded scenario only,not recorded,not recorded,not recorded,not recorded,passed: Sepolia EOA scenario,not recorded,acceptance/live-profile-session.json,,partial; remaining states pending
R215,apps/web/components/profile/CreatorSetupClient.tsx,49,button,"<button className=""secondary"" disabled={!address||loading} onClick={()=>localDraft('restore')}>",passed: recorded scenario only,not recorded,not recorded,not recorded,not recorded,passed: Sepolia EOA scenario,not recorded,acceptance/live-profile-session.json,,partial; remaining states pending
R216,apps/web/components/profile/CreatorSetupClient.tsx,49,button,<button disabled={!address||!wallet||!draft.name.trim()||busy||loading} onClick={()=>void save()}>,not recorded,not recorded,not recorded,not recorded,not recorded,not recorded,not recorded,,,pending verification
R217,apps/web/components/profile/CreatorSetupClient.tsx,49,Link,"<Link className=""ctaLink"" href={`/profile/${address?.toLowerCase()}`}>",not recorded,not recorded,not recorded,not recorded,not recorded,not recorded,not recorded,,,pending verification
R218,apps/web/components/profile/CreatorSetupClient.tsx,51,a,"<a href={safeProfileLink(link)!} target=""_blank"" rel=""noopener noreferrer"">",not recorded,not recorded,not recorded,not recorded,not recorded,not recorded,not recorded,,,pending verification
R219,apps/web/components/profile/CreatorSetupClient.tsx,53,Link,"<Link key={`${c.chainId}:${c.contractAddress}`} href={collectionPath(c.chainId,c.contractAddress)}>",not recorded,not recorded,not recorded,not recorded,not recorded,not recorded,not recorded,,,pending verification
R220,apps/web/components/profile/CreatorSetupClient.tsx,54,summary,<summary>,not recorded,not recorded,not recorded,not recorded,not recorded,not recorded,not recorded,,,pending verification
R221,apps/web/components/profile/CreatorSetupClient.tsx,54,Link,"<Link href=""/profile/setup?advanced=1"">",not recorded,not recorded,not recorded,not recorded,not recorded,not recorded,not recorded,,,pending verification
R222,apps/web/components/profile/ListingManagementCard.tsx,115,a,"<a href={txLink} target=""_blank"" rel=""noreferrer"">",not recorded,not recorded,not recorded,not recorded,not recorded,not recorded,not recorded,,,pending verification
R223,apps/web/components/profile/ListingManagementCard.tsx,139,button,"<button type=""button"" className=""miniBtn"" onClick={() => onCopy(`${prefix}-nft-${itemKeySuffix}`, item.nft)}>",not recorded,not recorded,not recorded,not recorded,not recorded,not recorded,not recorded,,,pending verification
R224,apps/web/components/profile/ListingManagementCard.tsx,146,button,"<button type=""button"" className=""miniBtn"" onClick={() => onCopy(`seller-${itemKeySuffix}`, item.seller)}>",not recorded,not recorded,not recorded,not recorded,not recorded,not recorded,not recorded,,,pending verification
R225,apps/web/components/profile/ListingManagementCard.tsx,152,a,"<a href={metadataUrl} target=""_blank"" rel=""noreferrer"" className=""feedLinkPill"">",not recorded,not recorded,not recorded,not recorded,not recorded,not recorded,not recorded,,,pending verification
R226,apps/web/components/profile/ListingManagementCard.tsx,157,a,"<a href={mediaUrl} target=""_blank"" rel=""noreferrer"" className=""feedLinkPill"">",not recorded,not recorded,not recorded,not recorded,not recorded,not recorded,not recorded,,,pending verification
R227,apps/web/components/profile/ListingManagementCard.tsx,163,button,"<button type=""button"" className=""feedLinkPill"" onClick={() => onUpdate(item)} disabled={isCanceling || !isConnected} >",not recorded,not recorded,not recorded,not recorded,not recorded,not recorded,not recorded,,,pending verification
R228,apps/web/components/profile/ListingManagementCard.tsx,171,button,"<button type=""button"" onClick={() => onCancel(item)} disabled={isCanceling || !isConnected} >",not recorded,not recorded,not recorded,not recorded,not recorded,not recorded,not recorded,,,pending verification
R229,apps/web/components/profile/ListingManagementCard.tsx,180,button,"<button type=""button"" onClick={() => onBuy(item)} disabled={!canBuy || isBuying} >",not recorded,not recorded,not recorded,not recorded,not recorded,not recorded,not recorded,,,pending verification
R230,apps/web/components/profile/ListingManagementClient.tsx,361,a,"<a href={metadataUrl} target=""_blank"" rel=""noreferrer"" className=""ctaLink secondaryLink"" onClick={(e) => e.stopPropagation()}>",not recorded,not recorded,not recorded,not recorded,not recorded,not recorded,not recorded,,,pending verification
R231,apps/web/components/profile/ListingManagementClient.tsx,366,a,"<a href={mediaUrl} target=""_blank"" rel=""noreferrer"" className=""ctaLink secondaryLink"" onClick={(e) => e.stopPropagation()}>",not recorded,not recorded,not recorded,not recorded,not recorded,not recorded,not recorded,,,pending verification
R232,apps/web/components/profile/ListingManagementClient.tsx,1129,select,<select value={standard} onChange={(e) => setStandard(e.target.value as Standard)}>,not recorded,not recorded,not recorded,not recorded,not recorded,not recorded,not recorded,,,pending verification
R233,apps/web/components/profile/ListingManagementClient.tsx,1137,select,"<select value={selectedChainFilter === ""all"" ? ""all"" : String(selectedChainFilter)} onChange={(e) => setSelectedChainFilter(e.target.value === ""all"" ? ""all"" : Number.parseInt(e.target.value, 10)) } >",not recorded,not recorded,not recorded,not recorded,not recorded,not recorded,not recorded,,,pending verification
R234,apps/web/components/profile/ListingManagementClient.tsx,1167,select,<select value={selectedContractKey} onChange={(e) => setSelectedContractKey(e.target.value)}>,not recorded,not recorded,not recorded,not recorded,not recorded,not recorded,not recorded,,,pending verification
R235,apps/web/components/profile/ListingManagementClient.tsx,1177,select,<select value={inventorySort} onChange={(e) => setInventorySort(e.target.value as InventorySort)}>,not recorded,not recorded,not recorded,not recorded,not recorded,not recorded,not recorded,,,pending verification
R236,apps/web/components/profile/ListingManagementClient.tsx,1205,select,<select value={inventorySort} onChange={(e) => setInventorySort(e.target.value as InventorySort)}>,not recorded,not recorded,not recorded,not recorded,not recorded,not recorded,not recorded,,,pending verification
R237,apps/web/components/profile/ListingManagementClient.tsx,1236,input,"<input value={erc1155Amount} onChange={(e) => setErc1155Amount(e.target.value)} inputMode=""numeric"" min=""1"" max={selectedErc1155AvailableCap ? selectedErc1155AvailableCap.toString() : undefined} placeholder=""1"" />",not recorded,not recorded,not recorded,not recorded,not recorded,not recorded,not recorded,,,pending verification
R238,apps/web/components/profile/ListingManagementClient.tsx,1283,button,"<button type=""button"" className=""miniBtn"" onClick={clearListingUpdate}>",not recorded,not recorded,not recorded,not recorded,not recorded,not recorded,not recorded,,,pending verification
R239,apps/web/components/profile/ListingManagementClient.tsx,1292,select,"<select value={paymentTokenType} onChange={(e) => setPaymentTokenType(e.target.value as ""ETH"" | ""ERC20"")}>",not recorded,not recorded,not recorded,not recorded,not recorded,not recorded,not recorded,,,pending verification
R240,apps/web/components/profile/ListingManagementClient.tsx,1300,input,"<input value={erc20TokenAddress} onChange={(e) => setErc20TokenAddress(e.target.value)} placeholder=""0x..."" />",not recorded,not recorded,not recorded,not recorded,not recorded,not recorded,not recorded,,,pending verification
R241,apps/web/components/profile/ListingManagementClient.tsx,1305,input,"<input value={priceInput} onChange={(e) => setPriceInput(e.target.value)} placeholder={paymentTokenType === ""ETH"" ? ""0.01"" : ""1000000""} />",not recorded,not recorded,not recorded,not recorded,not recorded,not recorded,not recorded,,,pending verification
R242,apps/web/components/profile/ListingManagementClient.tsx,1313,input,"<input value={listingDays} onChange={(e) => setListingDays(e.target.value)} inputMode=""numeric"" placeholder=""7"" />",not recorded,not recorded,not recorded,not recorded,not recorded,not recorded,not recorded,,,pending verification
R243,apps/web/components/profile/ListingManagementClient.tsx,1326,button,"<button type=""button"" className=""secondary"" disabled={!submitTargetChainId||state.status==='pending'} onClick={()=>setFeeAttempt(value=>value+1)}>",not recorded,not recorded,not recorded,not recorded,not recorded,not recorded,not recorded,,,pending verification
R244,apps/web/components/profile/ListingManagementClient.tsx,1329,button,"<button type=""submit"" disabled={state.status === ""pending"" || !feeQuote || feeQuote.chainId!==submitTargetChainId || (!editingListing && selectedTokens.length === 0)} >",not recorded,not recorded,not recorded,not recorded,not recorded,not recorded,not recorded,,,pending verification
R245,apps/web/components/profile/ListingManagementTxStatus.tsx,18,a,"<a href={`${explorerBase}/tx/${state.hash}`} target=""_blank"" rel=""noreferrer"">",not recorded,not recorded,not recorded,not recorded,not recorded,not recorded,not recorded,,,pending verification
R246,apps/web/components/profile/ProfileClient.tsx,2190,iframe,"<iframe title={embed.title} src={embed.embedUrl} loading=""lazy"" allow={embed.kind === ""youtube"" ? ""accelerometer; autoplay; clipboard-write; encrypted-media; gyroscope; picture-in-picture"" : ""autoplay; clipboard-write; encrypted-media; fullscreen; picture-in-picture""} allowFullScreen={embed.kind === ""youtube""} referrerPolicy=""strict-origin-when-cross-origin"" />",not recorded,not recorded,not recorded,not recorded,not recorded,not recorded,not recorded,,,pending verification
R247,apps/web/components/profile/ProfileClient.tsx,2199,a,"<a href={embed.url} target=""_blank"" rel=""noreferrer"" className=""mono"">",not recorded,not recorded,not recorded,not recorded,not recorded,not recorded,not recorded,,,pending verification
R248,apps/web/components/profile/ProfileClient.tsx,2226,iframe,"<iframe title={block.title} src={block.embedView.embedUrl} loading=""lazy"" allow={block.embedView.kind === ""youtube"" ? ""accelerometer; autoplay; clipboard-write; encrypted-media; gyroscope; picture-in-picture"" : ""autoplay; clipboard-write; encrypted-media; fullscreen; picture-in-picture""} allowFullScreen={block.embedView.kind === ""youtube""} referrerPolicy=""strict-origin-when-cross-origin"" className=""profileMyspaceRetroEmbedFrame"" />",not recorded,not recorded,not recorded,not recorded,not recorded,not recorded,not recorded,,,pending verification
R249,apps/web/components/profile/ProfileClient.tsx,2236,a,"<a href={block.embedUrl} target=""_blank"" rel=""noreferrer"" className=""mono"">",not recorded,not recorded,not recorded,not recorded,not recorded,not recorded,not recorded,,,pending verification
R250,apps/web/components/profile/ProfileClient.tsx,2245,a,"<a href={link} target=""_blank"" rel=""noreferrer"" className=""mono"">",not recorded,not recorded,not recorded,not recorded,not recorded,not recorded,not recorded,,,pending verification
R251,apps/web/components/profile/ProfileClient.tsx,2310,input,"<input value={guestbookName} onChange={(e) => setGuestbookName(e.target.value)} placeholder=""space friend"" />",not recorded,not recorded,not recorded,not recorded,not recorded,not recorded,not recorded,,,pending verification
R252,apps/web/components/profile/ProfileClient.tsx,2314,textarea,"<textarea value={guestbookMessage} onChange={(e) => setGuestbookMessage(e.target.value)} placeholder=""leave a comment for this page"" />",not recorded,not recorded,not recorded,not recorded,not recorded,not recorded,not recorded,,,pending verification
R253,apps/web/components/profile/ProfileClient.tsx,2317,button,"<button type=""button"" onClick={() => void submitGuestbookEntry()} disabled={guestbookState.status === ""pending""}>",not recorded,not recorded,not recorded,not recorded,not recorded,not recorded,not recorded,,,pending verification
R254,apps/web/components/profile/ProfileClient.tsx,2335,button,"<button type=""button"" onClick={() => void hideGuestbookEntry(entry.id)} disabled={moderatingGuestbookEntryId === entry.id} >",not recorded,not recorded,not recorded,not recorded,not recorded,not recorded,not recorded,,,pending verification
R255,apps/web/components/profile/ProfileClient.tsx,2342,button,"<button type=""button"" onClick={() => void deleteGuestbookEntry(entry.id)} disabled={moderatingGuestbookEntryId === entry.id} >",not recorded,not recorded,not recorded,not recorded,not recorded,not recorded,not recorded,,,pending verification
R256,apps/web/components/profile/ProfileClient.tsx,2373,button,"<button type=""button"" onClick={() => void restoreGuestbookEntry(entry.id)} disabled={moderatingGuestbookEntryId === entry.id} >",not recorded,not recorded,not recorded,not recorded,not recorded,not recorded,not recorded,,,pending verification
R257,apps/web/components/profile/ProfileClient.tsx,2399,iframe,"<iframe key={customPreviewId} title={`${creatorDisplayName} custom profile module`} srcDoc={customProfilePreview} sandbox="""" className=""profileCustomModuleFrame"" />",not recorded,not recorded,not recorded,not recorded,not recorded,not recorded,not recorded,,,pending verification
R258,apps/web/components/profile/ProfileClient.tsx,2416,iframe,"<iframe title={embed.title} src={embed.embedUrl} loading=""lazy"" allow={embed.kind === ""youtube"" ? ""accelerometer; autoplay; clipboard-write; encrypted-media; gyroscope; picture-in-picture"" : ""autoplay; clipboard-write; encrypted-media; fullscreen; picture-in-picture""} allowFullScreen={embed.kind === ""youtube""} referrerPolicy=""strict-origin-when-cross-origin"" />",not recorded,not recorded,not recorded,not recorded,not recorded,not recorded,not recorded,,,pending verification
R259,apps/web/components/profile/ProfileClient.tsx,2425,a,"<a href={embed.url} target=""_blank"" rel=""noreferrer"" className=""mono"">",not recorded,not recorded,not recorded,not recorded,not recorded,not recorded,not recorded,,,pending verification
R260,apps/web/components/profile/ProfileClient.tsx,2439,iframe,"<iframe title={block.title} src={block.embedView.embedUrl} loading=""lazy"" allow={block.embedView.kind === ""youtube"" ? ""accelerometer; autoplay; clipboard-write; encrypted-media; gyroscope; picture-in-picture"" : ""autoplay; clipboard-write; encrypted-media; fullscreen; picture-in-picture""} allowFullScreen={block.embedView.kind === ""youtube""} referrerPolicy=""strict-origin-when-cross-origin"" className=""profileMyspaceRetroEmbedFrame"" />",not recorded,not recorded,not recorded,not recorded,not recorded,not recorded,not recorded,,,pending verification
R261,apps/web/components/profile/ProfileClient.tsx,2439,a,"<a href={block.embedUrl} target=""_blank"" rel=""noreferrer"" className=""mono"">",not recorded,not recorded,not recorded,not recorded,not recorded,not recorded,not recorded,,,pending verification
R262,apps/web/components/profile/ProfileClient.tsx,2440,a,"<a href={link} target=""_blank"" rel=""noreferrer"" className=""mono"">",not recorded,not recorded,not recorded,not recorded,not recorded,not recorded,not recorded,,,pending verification
R263,apps/web/components/profile/ProfileClient.tsx,2451,input,"<input value={guestbookName} onChange={(e) => setGuestbookName(e.target.value)} placeholder=""space friend"" />",not recorded,not recorded,not recorded,not recorded,not recorded,not recorded,not recorded,,,pending verification
R264,apps/web/components/profile/ProfileClient.tsx,2451,textarea,"<textarea value={guestbookMessage} onChange={(e) => setGuestbookMessage(e.target.value)} placeholder=""leave a comment for this page"" />",not recorded,not recorded,not recorded,not recorded,not recorded,not recorded,not recorded,,,pending verification
R265,apps/web/components/profile/ProfileClient.tsx,2451,button,"<button type=""button"" onClick={() => void submitGuestbookEntry()} disabled={guestbookState.status === ""pending""}>",not recorded,not recorded,not recorded,not recorded,not recorded,not recorded,not recorded,,,pending verification
R266,apps/web/components/profile/ProfileClient.tsx,2452,button,"<button type=""button"" onClick={() => void hideGuestbookEntry(entry.id)} disabled={moderatingGuestbookEntryId === entry.id}>",not recorded,not recorded,not recorded,not recorded,not recorded,not recorded,not recorded,,,pending verification
R267,apps/web/components/profile/ProfileClient.tsx,2452,button,"<button type=""button"" onClick={() => void deleteGuestbookEntry(entry.id)} disabled={moderatingGuestbookEntryId === entry.id}>",not recorded,not recorded,not recorded,not recorded,not recorded,not recorded,not recorded,,,pending verification
R268,apps/web/components/profile/ProfileClient.tsx,2453,button,"<button type=""button"" onClick={() => void restoreGuestbookEntry(entry.id)} disabled={moderatingGuestbookEntryId === entry.id}>",not recorded,not recorded,not recorded,not recorded,not recorded,not recorded,not recorded,,,pending verification
R269,apps/web/components/profile/ProfileClient.tsx,2455,iframe,"<iframe key={customPreviewId} title={`${creatorDisplayName} custom profile module`} srcDoc={customProfilePreview} sandbox="""" className=""profileCustomModuleFrame"" />",not recorded,not recorded,not recorded,not recorded,not recorded,not recorded,not recorded,,,pending verification
R270,apps/web/components/profile/ProfileClient.tsx,2480,Link,"<Link href=""/mint?view=view"" className=""ctaLink secondaryLink"">",not recorded,not recorded,not recorded,not recorded,not recorded,not recorded,not recorded,,,pending verification
R271,apps/web/components/profile/ProfileClient.tsx,2487,input,"<input value={sellerAddress} onChange={(e) => setSellerAddress(e.target.value.trim())} placeholder=""0xcreator..."" />",not recorded,not recorded,not recorded,not recorded,not recorded,not recorded,not recorded,,,pending verification
R272,apps/web/components/profile/ProfileClient.tsx,2495,input,"<input value={scanDepth} onChange={(e) => setScanDepth(e.target.value)} inputMode=""numeric"" placeholder=""250"" />",not recorded,not recorded,not recorded,not recorded,not recorded,not recorded,not recorded,,,pending verification
R273,apps/web/components/profile/ProfileClient.tsx,2499,select,"<select value={selectedChainFilter === ""all"" ? ""all"" : String(selectedChainFilter)} onChange={(e) => setSelectedChainFilter(e.target.value === ""all"" ? ""all"" : Number.parseInt(e.target.value, 10)) } >",not recorded,not recorded,not recorded,not recorded,not recorded,not recorded,not recorded,,,pending verification
R274,apps/web/components/profile/ProfileClient.tsx,2547,Link,"<Link href={`/profile/setup?label=${encodeURIComponent(name)}`} className=""ctaLink secondaryLink"">",not recorded,not recorded,not recorded,not recorded,not recorded,not recorded,not recorded,,,pending verification
R275,apps/web/components/profile/ProfileClient.tsx,2548,Link,"<Link href={`/mint?view=mint&collection=shared&profile=${encodeURIComponent(mintProfileParam)}`} className=""ctaLink secondaryLink"">",not recorded,not recorded,not recorded,not recorded,not recorded,not recorded,not recorded,,,pending verification
R276,apps/web/components/profile/ProfileClient.tsx,2549,Link,"<Link href=""/mint?view=view"" className=""ctaLink secondaryLink"">",not recorded,not recorded,not recorded,not recorded,not recorded,not recorded,not recorded,,,pending verification
R277,apps/web/components/profile/ProfileClient.tsx,2563,Link,"<Link href={`/profile/setup?label=${encodeURIComponent(name)}`} className=""ctaLink secondaryLink"">",not recorded,not recorded,not recorded,not recorded,not recorded,not recorded,not recorded,,,pending verification
R278,apps/web/components/profile/ProfileClient.tsx,2564,Link,"<Link href={`/mint?view=mint&collection=shared&profile=${encodeURIComponent(mintProfileParam)}`} className=""ctaLink secondaryLink"">",not recorded,not recorded,not recorded,not recorded,not recorded,not recorded,not recorded,,,pending verification
R279,apps/web/components/profile/ProfileClient.tsx,2587,Link,"<Link href={buildMintCollectionHref(""view"", mintProfileParam)} className=""ctaLink secondaryLink"">",not recorded,not recorded,not recorded,not recorded,not recorded,not recorded,not recorded,,,pending verification
R280,apps/web/components/profile/ProfileClient.tsx,2591,Link,"<Link href={buildMintCollectionHref(""manage"", mintProfileParam)} className=""ctaLink secondaryLink"">",not recorded,not recorded,not recorded,not recorded,not recorded,not recorded,not recorded,,,pending verification
R281,apps/web/components/profile/ProfileClient.tsx,2603,Link,"<Link href={`/mint?view=mint&collection=shared&profile=${encodeURIComponent(mintProfileParam)}`} className=""ctaLink secondaryLink"">",not recorded,not recorded,not recorded,not recorded,not recorded,not recorded,not recorded,,,pending verification
R282,apps/web/components/profile/ProfileClient.tsx,2606,Link,"<Link href={buildMintCollectionHref(""view"", mintProfileParam)} className=""ctaLink secondaryLink"">",not recorded,not recorded,not recorded,not recorded,not recorded,not recorded,not recorded,,,pending verification
R283,apps/web/components/profile/ProfileClient.tsx,2632,a,"<a href={contractExplorer} target=""_blank"" rel=""noreferrer"" className=""mono"">",not recorded,not recorded,not recorded,not recorded,not recorded,not recorded,not recorded,,,pending verification
R284,apps/web/components/profile/ProfileClient.tsx,2639,Link,"<Link href={buildMintCollectionHref(""view"", mintProfileParam, collection.contractAddress)} className=""ctaLink secondaryLink"" >",not recorded,not recorded,not recorded,not recorded,not recorded,not recorded,not recorded,,,pending verification
R285,apps/web/components/profile/ProfileClient.tsx,2646,Link,"<Link href={buildMintCollectionHref(""manage"", mintProfileParam, collection.contractAddress)} className=""ctaLink secondaryLink"" >",not recorded,not recorded,not recorded,not recorded,not recorded,not recorded,not recorded,,,pending verification
R286,apps/web/components/profile/ProfileClient.tsx,2695,button,"<button type=""button"" onClick={() => setScanDepth(""500"")}>",not recorded,not recorded,not recorded,not recorded,not recorded,not recorded,not recorded,,,pending verification
R287,apps/web/components/profile/ProfileClient.tsx,2754,button,"<button type=""button"" onClick={() => setOwnerRailOpen((current) => !current)}>",not recorded,not recorded,not recorded,not recorded,not recorded,not recorded,not recorded,,,pending verification
R288,apps/web/components/profile/ProfileClient.tsx,2787,a,"<a href={toExplorerAddress(wallet, config.chainId)!} target=""_blank"" rel=""noreferrer"" className=""mono"">",not recorded,not recorded,not recorded,not recorded,not recorded,not recorded,not recorded,,,pending verification
R289,apps/web/components/profile/ProfileClient.tsx,2805,Link,"<Link href={buildMintCollectionHref(""manage"", mintProfileParam)} className=""ctaLink secondaryLink"">",not recorded,not recorded,not recorded,not recorded,not recorded,not recorded,not recorded,,,pending verification
R290,apps/web/components/profile/ProfileClient.tsx,2814,Link,"<Link href={buildMintCollectionHref(""manage"", mintProfileParam)} className=""ctaLink secondaryLink"">",not recorded,not recorded,not recorded,not recorded,not recorded,not recorded,not recorded,,,pending verification
R291,apps/web/components/profile/ProfileClient.tsx,2844,a,"<a href={contractExplorer} target=""_blank"" rel=""noreferrer"" className=""mono"">",not recorded,not recorded,not recorded,not recorded,not recorded,not recorded,not recorded,,,pending verification
R292,apps/web/components/profile/ProfileClient.tsx,2853,Link,"<Link href={`/profile/${encodeURIComponent(attachedProfile.slug)}`} className=""mono"">",not recorded,not recorded,not recorded,not recorded,not recorded,not recorded,not recorded,,,pending verification
R293,apps/web/components/profile/ProfileClient.tsx,2863,Link,"<Link href={collection.fixHref} className=""ctaLink secondaryLink"">",not recorded,not recorded,not recorded,not recorded,not recorded,not recorded,not recorded,,,pending verification
R294,apps/web/components/profile/ProfileClient.tsx,2880,Link,"<Link href={`/profile/setup?label=${encodeURIComponent(name)}`} className=""ctaLink secondaryLink"">",not recorded,not recorded,not recorded,not recorded,not recorded,not recorded,not recorded,,,pending verification
R295,apps/web/components/profile/ProfileClient.tsx,2982,a,"<a href={publishedProfileGatewayUrl} target=""_blank"" rel=""noreferrer"" className=""mono"">",not recorded,not recorded,not recorded,not recorded,not recorded,not recorded,not recorded,,,pending verification
R296,apps/web/components/profile/ProfileClient.tsx,2990,button,"<button type=""button"" onClick={() => void publishProfileManifest()} disabled={publishState.status === ""pending""}>",not recorded,not recorded,not recorded,not recorded,not recorded,not recorded,not recorded,,,pending verification
R297,apps/web/components/profile/ProfileClient.tsx,3002,button,"<button type=""button"" onClick={() => { setEditStatusHeadline((current) => current.trim() || ""tuning this page like it's 2006""); setEditSidebarFactsText((current) => current.trim() || formatSidebarFactsInput(MYSPACE_STARTER_SIDEBAR_FACTS)); setEditTopFriendsText((current) => current.trim() || ""Tom\nBestie\nFavorite collector""); setEditRetroBlocksText((current) => current.trim() || formatRetroBlocksInput(MYSPACE_STARTER_RETRO_BLOCKS)); setEditCustomBoxesText((current) => current.trim() || formatCustomBoxesInput(MYSPACE_STARTER_CUSTOM_BOXES)); setEditModuleOrder([""social"", ""retro"", ""media"", ""boxes"", ""guestbook"", ""custom""]); setEditHeroModules([""social"", ""guestbook""]); setEditHeroCompactModules(",not recorded,not recorded,not recorded,not recorded,not recorded,not recorded,not recorded,,,pending verification
R298,apps/web/components/profile/ProfileClient.tsx,3021,button,"<button type=""button"" onClick={() => { setEditCustomHtml(""""); setEditCustomCss(""""); }} disabled={!hasCustomHtmlModule} >",not recorded,not recorded,not recorded,not recorded,not recorded,not recorded,not recorded,,,pending verification
R299,apps/web/components/profile/ProfileClient.tsx,3036,input,<input value={editDisplayName} onChange={(e) => setEditDisplayName(e.target.value)} />,not recorded,not recorded,not recorded,not recorded,not recorded,not recorded,not recorded,,,pending verification
R300,apps/web/components/profile/ProfileClient.tsx,3040,input,<input value={editTagline} onChange={(e) => setEditTagline(e.target.value)} />,not recorded,not recorded,not recorded,not recorded,not recorded,not recorded,not recorded,,,pending verification
R301,apps/web/components/profile/ProfileClient.tsx,3044,input,"<input value=""Unified creator page"" readOnly />",not recorded,not recorded,not recorded,not recorded,not recorded,not recorded,not recorded,,,pending verification
R302,apps/web/components/profile/ProfileClient.tsx,3048,input,<input value={editAccentColor} onChange={(e) => setEditAccentColor(e.target.value)} />,not recorded,not recorded,not recorded,not recorded,not recorded,not recorded,not recorded,,,pending verification
R303,apps/web/components/profile/ProfileClient.tsx,3052,input,<input value={editAvatarUrl} onChange={(e) => setEditAvatarUrl(e.target.value)} />,not recorded,not recorded,not recorded,not recorded,not recorded,not recorded,not recorded,,,pending verification
R304,apps/web/components/profile/ProfileClient.tsx,3056,input,<input value={editBannerUrl} onChange={(e) => setEditBannerUrl(e.target.value)} />,not recorded,not recorded,not recorded,not recorded,not recorded,not recorded,not recorded,,,pending verification
R305,apps/web/components/profile/ProfileClient.tsx,3060,input,<input value={editFeaturedUrl} onChange={(e) => setEditFeaturedUrl(e.target.value)} />,not recorded,not recorded,not recorded,not recorded,not recorded,not recorded,not recorded,,,pending verification
R306,apps/web/components/profile/ProfileClient.tsx,3064,textarea,<textarea value={editBio} onChange={(e) => setEditBio(e.target.value)} />,not recorded,not recorded,not recorded,not recorded,not recorded,not recorded,not recorded,,,pending verification
R307,apps/web/components/profile/ProfileClient.tsx,3068,textarea,<textarea value={editAboutMe} onChange={(e) => setEditAboutMe(e.target.value)} />,not recorded,not recorded,not recorded,not recorded,not recorded,not recorded,not recorded,,,pending verification
R308,apps/web/components/profile/ProfileClient.tsx,3072,textarea,<textarea value={editInterests} onChange={(e) => setEditInterests(e.target.value)} />,not recorded,not recorded,not recorded,not recorded,not recorded,not recorded,not recorded,,,pending verification
R309,apps/web/components/profile/ProfileClient.tsx,3076,textarea,<textarea value={editWhoIdLikeToMeet} onChange={(e) => setEditWhoIdLikeToMeet(e.target.value)} />,not recorded,not recorded,not recorded,not recorded,not recorded,not recorded,not recorded,,,pending verification
R310,apps/web/components/profile/ProfileClient.tsx,3080,input,"<input value={editStatusHeadline} onChange={(e) => setEditStatusHeadline(e.target.value)} placeholder=""currently obsessing over weird internet relics"" />",not recorded,not recorded,not recorded,not recorded,not recorded,not recorded,not recorded,,,pending verification
R311,apps/web/components/profile/ProfileClient.tsx,3088,button,"<button key={template.label} type=""button"" onClick={() => setEditSidebarFactsText((current) => appendSidebarFactTemplate(current, template.value))} >",not recorded,not recorded,not recorded,not recorded,not recorded,not recorded,not recorded,,,pending verification
R312,apps/web/components/profile/ProfileClient.tsx,3098,textarea,"<textarea value={editSidebarFactsText} onChange={(e) => setEditSidebarFactsText(e.target.value)} placeholder=""Mood: Chronically online Location: Terminal tab Occupation: Pixel archivist"" />",not recorded,not recorded,not recorded,not recorded,not recorded,not recorded,not recorded,,,pending verification
R313,apps/web/components/profile/ProfileClient.tsx,3104,textarea,"<textarea value={editCustomCss} onChange={(e) => setEditCustomCss(e.target.value)} placeholder="".profile-panel { transform: rotate(-1deg); }"" />",not recorded,not recorded,not recorded,not recorded,not recorded,not recorded,not recorded,,,pending verification
R314,apps/web/components/profile/ProfileClient.tsx,3108,textarea,"<textarea value={editCustomHtml} onChange={(e) => setEditCustomHtml(e.target.value)} placeholder=""<div><marquee>Welcome to my page</marquee></div>"" />",not recorded,not recorded,not recorded,not recorded,not recorded,not recorded,not recorded,,,pending verification
R315,apps/web/components/profile/ProfileClient.tsx,3113,textarea,"<textarea value={editTopFriendsText} onChange={(e) => setEditTopFriendsText(e.target.value)} placeholder=""Tom Bestie Favorite collector"" />",not recorded,not recorded,not recorded,not recorded,not recorded,not recorded,not recorded,,,pending verification
R316,apps/web/components/profile/ProfileClient.tsx,3119,textarea,"<textarea value={editTestimonialsText} onChange={(e) => setEditTestimonialsText(e.target.value)} placeholder=""legendary page coder instant follow"" />",not recorded,not recorded,not recorded,not recorded,not recorded,not recorded,not recorded,,,pending verification
R317,apps/web/components/profile/ProfileClient.tsx,3125,input,"<input value={editProfileSongUrl} onChange={(e) => setEditProfileSongUrl(e.target.value)} placeholder=""https://.../song.mp3"" />",not recorded,not recorded,not recorded,not recorded,not recorded,not recorded,not recorded,,,pending verification
R318,apps/web/components/profile/ProfileClient.tsx,3133,button,"<button key={template.label} type=""button"" onClick={() => setEditMediaEmbedsText((current) => appendMediaEmbedTemplate(current, template.value))} >",not recorded,not recorded,not recorded,not recorded,not recorded,not recorded,not recorded,,,pending verification
R319,apps/web/components/profile/ProfileClient.tsx,3143,textarea,"<textarea value={editMediaEmbedsText} onChange={(e) => setEditMediaEmbedsText(e.target.value)} placeholder=""Favorite Video | https://www.youtube.com/watch?v=dQw4w9WgXcQ Playlist | https://open.spotify.com/playlist/..."" />",not recorded,not recorded,not recorded,not recorded,not recorded,not recorded,not recorded,,,pending verification
R320,apps/web/components/profile/ProfileClient.tsx,3152,button,"<button key={template.label} type=""button"" onClick={() => setEditRetroBlocksText((current) => appendRetroBlockTemplate(current, template.block))} >",not recorded,not recorded,not recorded,not recorded,not recorded,not recorded,not recorded,,,pending verification
R321,apps/web/components/profile/ProfileClient.tsx,3162,textarea,"<textarea value={editRetroBlocksText} onChange={(e) => setEditRetroBlocksText(e.target.value)} placeholder={""Type: text\nTitle: Latest Bulletin\nReworking this profile to feel like 2006 again.\n\nType: marquee\nTitle: Scrolling Note\nwelcome 2 my page :: leave a comment :: glitter forever\n\nType: badges\nTitle: Blinkies\nonline now\nscene archive\nweb revivalist\n\nType: divider\nTitle: Glitter Break\n***************""} />",not recorded,not recorded,not recorded,not recorded,not recorded,not recorded,not recorded,,,pending verification
R322,apps/web/components/profile/ProfileClient.tsx,3170,textarea,"<textarea value={editStampsText} onChange={(e) => setEditStampsText(e.target.value)} placeholder=""online now scene kid collector core"" />",not recorded,not recorded,not recorded,not recorded,not recorded,not recorded,not recorded,,,pending verification
R323,apps/web/components/profile/ProfileClient.tsx,3212,button,"<button type=""button"" onClick={() => setEditModuleOrder((current) => moveMyspaceModuleOrder(current, moduleId, -1))} disabled={index === 0} >",not recorded,not recorded,not recorded,not recorded,not recorded,not recorded,not recorded,,,pending verification
R324,apps/web/components/profile/ProfileClient.tsx,3219,button,"<button type=""button"" onClick={() => setEditModuleOrder((current) => moveMyspaceModuleOrder(current, moduleId, 1))} disabled={index === editModuleOrder.length - 1} >",not recorded,not recorded,not recorded,not recorded,not recorded,not recorded,not recorded,,,pending verification
R325,apps/web/components/profile/ProfileClient.tsx,3237,input,"<input type=""checkbox"" checked={editHeroModules.includes(moduleId)} onChange={() => setEditHeroModules((current) => toggleMyspaceHeroModule(current, moduleId))} />",not recorded,not recorded,not recorded,not recorded,not recorded,not recorded,not recorded,,,pending verification
R326,apps/web/components/profile/ProfileClient.tsx,3256,select,"<select value={featured && editHeroCompactModules.includes(moduleId) ? ""compact"" : featured ? ""default"" : ""off""} onChange={(event) => { const nextValue = event.target.value; if (nextValue === ""off"") return; setEditHeroCompactModules((current) => nextValue === ""compact"" ? normalizeMyspaceHeroCompactModules([...current.filter((item) => item !== moduleId), moduleId]) : current.filter((item) => item !== moduleId)); }} disabled={!featured} >",not recorded,not recorded,not recorded,not recorded,not recorded,not recorded,not recorded,,,pending verification
R327,apps/web/components/profile/ProfileClient.tsx,3281,input,"<input type=""checkbox"" checked={editSidebarModules.includes(moduleId)} onChange={() => setEditSidebarModules((current) => toggleMyspaceSidebarModule(current, moduleId))} />",not recorded,not recorded,not recorded,not recorded,not recorded,not recorded,not recorded,,,pending verification
R328,apps/web/components/profile/ProfileClient.tsx,3300,select,"<select value={pinned && editSidebarCompactModules.includes(moduleId) ? ""compact"" : pinned ? ""default"" : ""off""} onChange={(event) => { const nextValue = event.target.value; if (nextValue === ""off"") return; setEditSidebarCompactModules((current) => nextValue === ""compact"" ? normalizeMyspaceSidebarCompactModules([...current.filter((item) => item !== moduleId), moduleId]) : current.filter((item) => item !== moduleId)); }} disabled={!pinned} >",not recorded,not recorded,not recorded,not recorded,not recorded,not recorded,not recorded,,,pending verification
R329,apps/web/components/profile/ProfileClient.tsx,3328,select,"<select value={inSidebar ? ""sidebar"" : width} onChange={(event) => { const nextWidth = event.target.value as MyspaceMainColumnWidth | ""sidebar""; if (nextWidth === ""sidebar"") return; const next = setMyspaceMainColumnWidth(moduleId, nextWidth, editMainColumnSplitModules, editMainColumnCompactModules); setEditMainColumnSplitModules(next.splitModules); setEditMainColumnCompactModules(next.compactModules); }} disabled={inSidebar} >",not recorded,not recorded,not recorded,not recorded,not recorded,not recorded,not recorded,,,pending verification
R330,apps/web/components/profile/ProfileClient.tsx,3356,button,"<button key={template.label} type=""button"" onClick={() => setEditCustomBoxesText((current) => appendCustomBoxTemplate(current, template.value))} >",not recorded,not recorded,not recorded,not recorded,not recorded,not recorded,not recorded,,,pending verification
R331,apps/web/components/profile/ProfileClient.tsx,3366,textarea,"<textarea value={editCustomBoxesText} onChange={(e) => setEditCustomBoxesText(e.target.value)} placeholder={""Title: Favorite Movies\nHackers, Ghost World, Blade Runner\n\nTitle: Latest Obsession\nCollecting weird internet relics.""} />",not recorded,not recorded,not recorded,not recorded,not recorded,not recorded,not recorded,,,pending verification
R332,apps/web/components/profile/ProfileClient.tsx,3374,textarea,<textarea value={editLinksText} onChange={(e) => setEditLinksText(e.target.value)} />,not recorded,not recorded,not recorded,not recorded,not recorded,not recorded,not recorded,,,pending verification
R333,apps/web/components/profile/ProfileClient.tsx,3381,button,"<button type=""button"" onClick={() => void saveProfileDetails()} disabled={editState.status === ""pending""}>",not recorded,not recorded,not recorded,not recorded,not recorded,not recorded,not recorded,,,pending verification
R334,apps/web/components/profile/ProfileClient.tsx,3396,input,<input value={transferAddress} onChange={(e) => setTransferAddress(e.target.value)} />,not recorded,not recorded,not recorded,not recorded,not recorded,not recorded,not recorded,,,pending verification
R335,apps/web/components/profile/ProfileClient.tsx,3400,button,"<button type=""button"" onClick={() => void submitProfileTransfer()} disabled={transferState.status === ""pending""}>",not recorded,not recorded,not recorded,not recorded,not recorded,not recorded,not recorded,,,pending verification
R336,apps/web/components/profile/ProfileClient.tsx,3415,Link,"<Link href={`/profile/setup?label=${encodeURIComponent(name)}`} className=""ctaLink secondaryLink"">",not recorded,not recorded,not recorded,not recorded,not recorded,not recorded,not recorded,,,pending verification
R337,apps/web/components/profile/ProfileHeroSections.tsx,120,Link,"<Link href={`/mint?view=mint&collection=shared&profile=${encodeURIComponent(mintProfileParam)}`} className=""ctaLink secondaryLink"">",not recorded,not recorded,not recorded,not recorded,not recorded,not recorded,not recorded,,,pending verification
R338,apps/web/components/profile/ProfileHeroSections.tsx,123,Link,"<Link href={`/mint?view=view&profile=${encodeURIComponent(mintProfileParam)}`} className=""ctaLink secondaryLink"">",not recorded,not recorded,not recorded,not recorded,not recorded,not recorded,not recorded,,,pending verification
R339,apps/web/components/profile/ProfileHeroSections.tsx,127,Link,"<Link href={`${canonicalRoute}#listing-management`} className=""ctaLink secondaryLink"">",not recorded,not recorded,not recorded,not recorded,not recorded,not recorded,not recorded,,,pending verification
R340,apps/web/components/profile/ProfileHeroSections.tsx,176,a,"<a href={primaryProfile.featuredUrl} target=""_blank"" rel=""noreferrer"" className=""ctaLink secondaryLink"">",not recorded,not recorded,not recorded,not recorded,not recorded,not recorded,not recorded,,,pending verification
R341,apps/web/components/profile/ProfileHeroSections.tsx,182,a,"<a href={primaryProfile.featuredUrl} target=""_blank"" rel=""noreferrer"" className=""ctaLink secondaryLink"">",not recorded,not recorded,not recorded,not recorded,not recorded,not recorded,not recorded,,,pending verification
R342,apps/web/components/profile/ProfileHeroSections.tsx,230,Link,"<Link href={`/mint?view=mint&collection=shared&profile=${encodeURIComponent(mintProfileParam)}`} className=""ctaLink secondaryLink"">",not recorded,not recorded,not recorded,not recorded,not recorded,not recorded,not recorded,,,pending verification
R343,apps/web/components/profile/ProfileHeroSections.tsx,233,Link,"<Link href={`${canonicalRoute}#listing-management`} className=""ctaLink secondaryLink"">",not recorded,not recorded,not recorded,not recorded,not recorded,not recorded,not recorded,,,pending verification
R344,apps/web/components/profile/ProfileHeroSections.tsx,265,a,"<a key={link} href={link} target=""_blank"" rel=""noreferrer"" className=""profileLinkRow"">",not recorded,not recorded,not recorded,not recorded,not recorded,not recorded,not recorded,,,pending verification
R345,apps/web/components/profile/ProfileHeroSections.tsx,290,a,"<a href={toExplorerAddress(pinnedCollection.contractAddress, pinnedCollection.chainId || configChainId)!} target=""_blank"" rel=""noreferrer"" className=""mono"" >",not recorded,not recorded,not recorded,not recorded,not recorded,not recorded,not recorded,,,pending verification
R346,apps/web/components/profile/ProfileHoldingsSection.tsx,63,Link,"<Link href={`/mint?view=view&profile=${encodeURIComponent(mintProfileParam)}`} className=""ctaLink secondaryLink"" >",not recorded,not recorded,not recorded,not recorded,not recorded,not recorded,not recorded,,,pending verification
R347,apps/web/components/profile/ProfileHoldingsSection.tsx,69,Link,"<Link href={`/mint?view=mint&collection=shared&profile=${encodeURIComponent(mintProfileParam)}`} className=""ctaLink secondaryLink"" >",not recorded,not recorded,not recorded,not recorded,not recorded,not recorded,not recorded,,,pending verification
R348,apps/web/components/profile/ProfileHoldingsSection.tsx,147,a,"<a href={contractExplorer} target=""_blank"" rel=""noreferrer"" className=""mono"">",not recorded,not recorded,not recorded,not recorded,not recorded,not recorded,not recorded,,,pending verification
R349,apps/web/components/profile/ProfileHoldingsSection.tsx,169,Link,"<Link href={`/mint?view=view&profile=${encodeURIComponent(mintProfileParam)}`} className=""ctaLink secondaryLink"" >",not recorded,not recorded,not recorded,not recorded,not recorded,not recorded,not recorded,,,pending verification
R350,apps/web/components/profile/ProfileHoldingsSection.tsx,175,Link,"<Link href={`/mint?view=manage&profile=${encodeURIComponent(mintProfileParam)}`} className=""ctaLink secondaryLink"" >",not recorded,not recorded,not recorded,not recorded,not recorded,not recorded,not recorded,,,pending verification
R351,apps/web/components/profile/ProfileLandingClient.tsx,1473,Link,<Link href={`/profile/${encodeURIComponent(profiles[0].slug)}`}>,not recorded,not recorded,not recorded,not recorded,not recorded,not recorded,not recorded,,,pending verification
R352,apps/web/components/profile/ProfileLandingClient.tsx,1479,select,"<select value={identityMode} onChange={(e) => setIdentityMode( e.target.value as | ""register-eth"" | ""register-eth-subname"" | ""ens"" | ""external-subname"" | ""nftfactory-subname"" ) } >",not recorded,not recorded,not recorded,not recorded,not recorded,not recorded,not recorded,,,pending verification
R353,apps/web/components/profile/ProfileLandingClient.tsx,1510,input,<input value={identityName} onChange={(e) => setIdentityName(e.target.value)} />,not recorded,not recorded,not recorded,not recorded,not recorded,not recorded,not recorded,,,pending verification
R354,apps/web/components/profile/ProfileLandingClient.tsx,1514,select,<select value={selectedSubnameParentOption} onChange={(e) => setSubnameParent(e.target.value)} disabled={ensParentCandidates.length === 0} >,not recorded,not recorded,not recorded,not recorded,not recorded,not recorded,not recorded,,,pending verification
R355,apps/web/components/profile/ProfileLandingClient.tsx,1542,select,"<select value={identityName} onChange={(e) => setIdentityName(e.target.value)} disabled={(identityMode === ""ens"" ? existingEnsOptions : existingSubnameOptions).length === 0} >",not recorded,not recorded,not recorded,not recorded,not recorded,not recorded,not recorded,,,pending verification
R356,apps/web/components/profile/ProfileLandingClient.tsx,1557,input,<input value={identityName} onChange={(e) => setIdentityName(e.target.value)} />,not recorded,not recorded,not recorded,not recorded,not recorded,not recorded,not recorded,,,pending verification
R357,apps/web/components/profile/ProfileLandingClient.tsx,1571,button,"<button type=""button"" className={checkedIdentityReady ? ""profileActionReady"" : undefined} onClick={() => void ( checkedIdentityReady ? runIdentityAction() : checkIdentityAvailability() ) } disabled={primaryActionDisabled} >",not recorded,not recorded,not recorded,not recorded,not recorded,not recorded,not recorded,,,pending verification
R358,apps/web/components/profile/ProfileLandingClient.tsx,1591,select,<select value={registrationYears} onChange={(e) => setRegistrationYears(e.target.value)}>,not recorded,not recorded,not recorded,not recorded,not recorded,not recorded,not recorded,,,pending verification
R359,apps/web/components/profile/ProfileLandingClient.tsx,1610,select,<select value={selectedCollection} onChange={(e) => setSelectedCollection(e.target.value)}>,not recorded,not recorded,not recorded,not recorded,not recorded,not recorded,not recorded,,,pending verification
R360,apps/web/components/profile/ProfileLandingClient.tsx,1623,button,"<button type=""button"" onClick={() => void completeEthRegistration()} disabled={!isConnected || setupState.status === ""pending"" || wrongNetwork || registrationCountdown > 0} >",not recorded,not recorded,not recorded,not recorded,not recorded,not recorded,not recorded,,,pending verification
R361,apps/web/components/profile/ProfileLandingClient.tsx,1634,button,"<button type=""button"" className=""secondary"" onClick={clearPendingEthRegistration}>",not recorded,not recorded,not recorded,not recorded,not recorded,not recorded,not recorded,,,pending verification
R362,apps/web/components/profile/ProfileLandingClient.tsx,1663,a,"<a href={`${explorerBase}/tx/${setupState.hash}`} target=""_blank"" rel=""noreferrer"">",not recorded,not recorded,not recorded,not recorded,not recorded,not recorded,not recorded,,,pending verification
R363,apps/web/components/profile/ProfileLandingClient.tsx,1673,Link,"<Link href={`/profile/${encodeURIComponent(postLinkProfile.slug)}`} className=""ctaLink"">",not recorded,not recorded,not recorded,not recorded,not recorded,not recorded,not recorded,,,pending verification
R364,apps/web/components/profile/ProfileLandingClient.tsx,1677,Link,"<Link href={`/mint?view=mint&collection=shared&profile=${encodeURIComponent(postLinkProfile.fullName)}`} className=""ctaLink"" >",not recorded,not recorded,not recorded,not recorded,not recorded,not recorded,not recorded,,,pending verification
R365,apps/web/components/profile/ProfileModerationClient.tsx,203,input,"<input value={profileName} onChange={(event) => setProfileName(event.target.value)} placeholder=""demo"" />",not recorded,not recorded,not recorded,not recorded,not recorded,not recorded,not recorded,,,pending verification
R366,apps/web/components/profile/ProfileModerationClient.tsx,207,input,"<input value={actorAddress} readOnly placeholder=""Connect your wallet"" />",not recorded,not recorded,not recorded,not recorded,not recorded,not recorded,not recorded,,,pending verification
R367,apps/web/components/profile/ProfileModerationClient.tsx,211,button,"<button type=""button"" onClick={() => void loadEntries()} disabled={!address||!wallet||loadState.status === ""pending""}>",not recorded,not recorded,not recorded,not recorded,not recorded,not recorded,not recorded,,,pending verification
R368,apps/web/components/profile/ProfileModerationClient.tsx,215,Link,"<Link href={""/profile/"" + encodeURIComponent(normalizedProfileName)} className=""ctaLink secondaryLink"">",not recorded,not recorded,not recorded,not recorded,not recorded,not recorded,not recorded,,,pending verification
R369,apps/web/components/profile/ProfileModerationClient.tsx,249,button,"<button type=""button"" disabled={isBusy} onClick={() => void hideEntry(entry.id)}>",not recorded,not recorded,not recorded,not recorded,not recorded,not recorded,not recorded,,,pending verification
R370,apps/web/components/profile/ProfileModerationClient.tsx,254,button,"<button type=""button"" disabled={isBusy} onClick={() => void restoreEntry(entry.id)}>",not recorded,not recorded,not recorded,not recorded,not recorded,not recorded,not recorded,,,pending verification
R371,apps/web/components/profile/ProfileModerationClient.tsx,259,button,"<button type=""button"" disabled={isBusy} onClick={() => void deleteEntry(entry.id)}>",not recorded,not recorded,not recorded,not recorded,not recorded,not recorded,not recorded,,,pending verification
R372,apps/web/components/profile/ProfileOffersSection.tsx,140,a,"<a href={contractExplorer} target=""_blank"" rel=""noreferrer"" className=""mono"">",not recorded,not recorded,not recorded,not recorded,not recorded,not recorded,not recorded,,,pending verification
R373,apps/web/components/profile/ProfileOffersSection.tsx,147,button,"<button type=""button"" onClick={() => void acceptOffer(offer)} disabled={actingOfferId === offer.id || !canAccept} >",not recorded,not recorded,not recorded,not recorded,not recorded,not recorded,not recorded,,,pending verification
R374,apps/web/components/profile/ProfileOffersSection.tsx,222,a,"<a href={contractExplorer} target=""_blank"" rel=""noreferrer"" className=""mono"">",not recorded,not recorded,not recorded,not recorded,not recorded,not recorded,not recorded,,,pending verification
R375,apps/web/components/profile/ProfileOffersSection.tsx,229,button,"<button type=""button"" onClick={() => void cancelOffer(offer)} disabled={actingOfferId === offer.id || !canCancel} >",not recorded,not recorded,not recorded,not recorded,not recorded,not recorded,not recorded,,,pending verification
R376,apps/web/components/profile/ProfileSelectorClient.tsx,274,Link,"<Link href={`/profile/${address.toLowerCase()}`} className=""ctaLink"">",not recorded,not recorded,not recorded,not recorded,not recorded,not recorded,not recorded,,,pending verification
R377,apps/web/components/profile/ProfileSelectorClient.tsx,302,Link,"<Link href={`/profile/${encodeURIComponent(profile.slug)}`} className=""ctaLink"">",not recorded,not recorded,not recorded,not recorded,not recorded,not recorded,not recorded,,,pending verification
R378,apps/web/components/profile/ProfileSelectorClient.tsx,306,Link,"<Link href={`/mint?view=manage&address=${encodeURIComponent(profile.collectionAddress)}`} className=""ctaLink secondaryLink"" >",not recorded,not recorded,not recorded,not recorded,not recorded,not recorded,not recorded,,,pending verification
R379,apps/web/components/profile/ProfileSelectorClient.tsx,324,Link,"<Link href=""/profile/setup"" className=""ctaLink"">",not recorded,not recorded,not recorded,not recorded,not recorded,not recorded,not recorded,,,pending verification
R380,apps/web/components/profile/ProfileSelectorClient.tsx,333,Link,"<Link href={item.href} className=""ctaLink"">",not recorded,not recorded,not recorded,not recorded,not recorded,not recorded,not recorded,,,pending verification
R381,apps/web/components/profile/ProfileSelectorClient.tsx,351,Link,"<Link href={item.href} className=""ctaLink secondaryLink"">",not recorded,not recorded,not recorded,not recorded,not recorded,not recorded,not recorded,,,pending verification
R382,apps/web/components/profile/StudioWorkspaceClient.tsx,19,button,"<button className=""secondary"" onClick={()=>setEditing(!editing)}>",not recorded,not recorded,not recorded,not recorded,not recorded,not recorded,not recorded,,,pending verification
R383,apps/web/components/profile/StudioWorkspaceClient.tsx,19,button,"<button className=""secondary"" onClick={()=>save(defaults())}>",not recorded,not recorded,not recorded,not recorded,not recorded,not recorded,not recorded,,,pending verification
R384,apps/web/components/profile/StudioWorkspaceClient.tsx,19,Link,<Link href={tool.href}>,not recorded,not recorded,not recorded,not recorded,not recorded,not recorded,not recorded,,,pending verification
R385,apps/web/components/profile/StudioWorkspaceClient.tsx,19,button,"<button className=""secondary"" disabled={index===0} aria-label={`Move ${tool.title} earlier`} onClick={()=>{const next=[...order];[next[index-1],next[index]]=[next[index],next[index-1]];save(next);}}>",not recorded,not recorded,not recorded,not recorded,not recorded,not recorded,not recorded,,,pending verification
R386,apps/web/components/profile/StudioWorkspaceClient.tsx,19,button,"<button className=""secondary"" disabled={index===order.length-1} aria-label={`Move ${tool.title} later`} onClick={()=>{const next=[...order];[next[index+1],next[index]]=[next[index],next[index+1]];save(next);}}>",not recorded,not recorded,not recorded,not recorded,not recorded,not recorded,not recorded,,,pending verification
R387,apps/web/components/wiki/WikiMarkdown.tsx,54,Link,"<Link key={`link-${key++}`} href={href} className=""wikiInlineLink"">",not recorded,not recorded,not recorded,not recorded,not recorded,not recorded,not recorded,,,pending verification
R388,apps/web/components/wiki/WikiMarkdown.tsx,60,a,"<a key={`link-${key++}`} href={href} target=""_blank"" rel=""noreferrer"" className=""wikiInlineLink"">",not recorded,not recorded,not recorded,not recorded,not recorded,not recorded,not recorded,,,pending verification
R389,apps/web/components/wiki/WikiMarkdown.tsx,169,a,"<a href={`#${headingId}`} className=""wikiHeadingAnchor"">",not recorded,not recorded,not recorded,not recorded,not recorded,not recorded,not recorded,,,pending verification
R390,apps/web/components/wiki/WikiSidebar.tsx,41,input,"<input className=""wikiSearchInput"" type=""search"" value={query} onChange={(event) => setQuery(event.target.value)} placeholder=""Search creator guides"" />",not recorded,not recorded,not recorded,not recorded,not recorded,not recorded,not recorded,,,pending verification
R391,apps/web/components/wiki/WikiSidebar.tsx,54,Link,"<Link key={page.slug} href={href} className={`wikiNavLink${isActive ? "" active"" : """"}`}>",not recorded,not recorded,not recorded,not recorded,not recorded,not recorded,not recorded,,,pending verification
R392,apps/web/components/wiki/WikiTableOfContents.tsx,78,a,"<a key={heading.id} href={`#${heading.id}`} className={`wikiTocLink wikiTocLevel${Math.min(heading.level, 4)}${activeId === heading.id ? "" active"" : """"}`} >",not recorded,not recorded,not recorded,not recorded,not recorded,not recorded,not recorded,,,pending verification
